Date,Open,High,Low,Close,Adj Close,Volume,Previous Close,Daily Return,key
2019-12-30,15.24,15.24,15.1,15.13,14.872655,2515200,15.28,-0.9816753926701479,ICICI
2019-12-31,15.07,15.12,15.04,15.09,14.833336,2237400,15.13,-0.2643754130865891,ICICI
2020-01-02,15.14,15.24,15.13,15.23,14.970954,5234500,15.09,0.9277667329357228,ICICI
2020-01-03,15.02,15.06,14.88,14.92,14.666226,6245300,15.23,-2.0354563361785982,ICICI
2020-01-06,14.61,14.72,14.56,14.72,14.469628,9799600,14.92,-1.3404825737265367,ICICI
2020-01-07,14.55,14.62,14.52,14.58,14.332009,4644400,14.72,-0.951086956521743,ICICI
2020-01-08,14.61,14.76,14.53,14.71,14.459799,7532600,14.58,0.89163237311386,ICICI
2020-01-09,15.19,15.24,15.12,15.14,14.882485,6759300,14.71,2.9231815091774283,ICICI
2020-01-10,15.12,15.13,15.04,15.04,14.784185,5331300,15.14,-0.660501981505954,ICICI
2020-01-13,15.11,15.12,15.04,15.08,14.823505,4289000,15.04,0.2659574468085168,ICICI
2020-01-14,15.07,15.11,14.99,15.04,14.784185,5874100,15.08,-0.26525198938992656,ICICI
2020-01-15,15.02,15.06,14.94,14.98,14.725205,3983500,15.04,-0.3989361702127575,ICICI
2020-01-16,14.94,15.0,14.91,14.97,14.715377,5228000,14.98,-0.06675567423230833,ICICI
2020-01-17,14.9,14.93,14.82,14.86,14.607245,5010500,14.97,-0.7348029392117649,ICICI
2020-01-21,14.83,14.84,14.7,14.71,14.459799,8046200,14.86,-1.0094212651413095,ICICI
2020-01-22,14.63,14.63,14.53,14.55,14.302521,7171200,14.71,-1.0876954452753238,ICICI
2020-01-23,14.67,14.71,14.58,14.64,14.390989,7430800,14.55,0.6185567010309269,ICICI
2020-01-24,14.83,14.89,14.6,14.66,14.410649,8099600,14.64,0.13661202185792057,ICICI
2020-01-27,14.81,14.91,14.73,14.79,14.538438,9725500,14.66,0.8867667121418757,ICICI
2020-01-28,14.73,14.87,14.65,14.86,14.607245,5733500,14.79,0.47329276538201687,ICICI
2020-01-29,14.74,14.78,14.64,14.73,14.479458,3868200,14.86,-0.8748317631224698,ICICI
2020-01-30,14.69,14.78,14.6,14.73,14.479458,9431400,14.73,0.0,ICICI
2020-01-31,14.58,14.67,14.51,14.58,14.332009,6131600,14.73,-1.018329938900206,ICICI
2020-02-03,14.36,14.54,14.35,14.43,14.184562,7539100,14.58,-1.0288065843621423,ICICI
2020-02-04,14.8,14.9,14.75,14.83,14.577757,7259600,14.43,2.7720027720027742,ICICI
2020-02-05,15.01,15.09,14.97,15.05,14.794015,9319300,14.83,1.483479433580584,ICICI
2020-02-06,15.12,15.15,15.03,15.04,14.784185,8399600,15.05,-0.06644518272426288,ICICI
2020-02-07,14.92,15.02,14.84,14.94,14.685885,8251700,15.04,-0.6648936170212743,ICICI
2020-02-10,14.9,15.02,14.9,15.02,14.764526,6076400,14.94,0.5354752342704155,ICICI
2020-02-11,15.09,15.37,15.08,15.22,14.961124,6851800,15.02,1.3315579227696475,ICICI
2020-02-12,15.41,15.42,15.3,15.35,15.088913,6830600,15.22,0.8541392904073521,ICICI
2020-02-13,15.14,15.22,15.09,15.09,14.833336,5310600,15.35,-1.6938110749185653,ICICI
2020-02-14,15.17,15.22,15.06,15.09,14.833336,3188000,15.09,0.0,ICICI
2020-02-18,15.01,15.12,15.01,15.07,14.813675,3532900,15.09,-0.1325381047050999,ICICI
2020-02-19,15.26,15.26,15.13,15.16,14.902144,4374500,15.07,0.5972130059721291,ICICI
2020-02-20,15.16,15.22,15.07,15.16,14.902144,4689000,15.16,0.0,ICICI
2020-02-21,15.16,15.18,15.04,15.05,14.794015,3330900,15.16,-0.7255936675461704,ICICI
2020-02-24,14.46,14.63,14.37,14.4,14.15507,9600400,15.05,-4.318936877076414,ICICI
2020-02-25,14.66,14.68,14.4,14.42,14.17473,8177600,14.4,0.13888888888888593,ICICI
2020-02-26,14.53,14.69,14.38,14.44,14.19439,9065400,14.42,0.13869625520110662,ICICI
2020-02-27,14.19,14.28,14.01,14.08,13.840513,7550800,14.44,-2.4930747922437635,ICICI
2020-02-28,13.58,13.91,13.52,13.87,13.634086,12708600,14.08,-1.491477272727279,ICICI
2020-03-02,13.81,14.11,13.8,14.11,13.870004,6608900,13.87,1.7303532804614292,ICICI
2020-03-03,14.09,14.33,13.83,13.92,13.683235,9920600,14.11,-1.3465627214741283,ICICI
2020-03-04,13.84,13.85,13.47,13.58,13.349019,14919200,13.92,-2.442528735632183,ICICI
2020-03-05,13.47,13.48,12.96,13.05,12.828033,14304100,13.58,-3.902798232695135,ICICI
2020-03-06,12.93,12.94,12.66,12.91,12.690414,9525700,13.05,-1.0727969348659046,ICICI
2020-03-09,11.9,12.13,11.74,11.97,11.766404,9709200,12.91,-7.281177381874512,ICICI
2020-03-10,12.29,12.52,12.06,12.48,12.267727,9174400,11.97,4.2606516290726795,ICICI
2020-03-11,12.33,12.5,11.94,11.99,11.786063,13315400,12.48,-3.9262820512820524,ICICI
2020-03-12,11.0,11.06,10.0,10.45,10.272257,22784700,11.99,-12.844036697247713,ICICI
2020-03-13,12.02,12.02,11.13,11.38,11.186439,14526000,10.45,8.899521531100493,ICICI
2020-03-16,10.05,10.48,9.71,10.28,10.105147,9052100,11.38,-9.666080843585249,ICICI
2020-03-17,9.77,10.35,9.58,9.97,9.800421,13581200,10.28,-3.0155642023346183,ICICI
2020-03-18,9.0,9.39,8.7,9.14,8.984539,9505600,9.97,-8.324974924774322,ICICI
2020-03-19,8.69,8.77,8.01,8.01,7.873758,16434100,9.14,-12.363238512035018,ICICI
2020-03-20,8.43,8.54,7.84,8.02,7.883589,18693200,8.01,0.1248439450686615,ICICI
2020-03-23,7.38,7.46,6.86,6.9,6.782639,23255100,8.02,-13.965087281795501,ICICI
2020-03-24,7.3,7.57,6.91,7.14,7.018556,24071400,6.9,3.4782608695652075,ICICI
2020-03-25,7.67,8.18,7.67,7.98,7.844269,20470100,7.14,11.764705882352953,ICICI
2020-03-26,8.33,8.88,8.33,8.88,8.72896,14786400,7.98,11.278195488721808,ICICI
2020-03-27,8.47,8.74,8.28,8.62,8.473383,12414000,8.88,-2.927927927927945,ICICI
2020-03-30,8.2,8.45,8.1,8.41,8.266954,9858600,8.62,-2.436194895591637,ICICI
2020-03-31,8.33,8.61,8.31,8.5,8.355424,8525700,8.41,1.0701545778834702,ICICI
2020-04-01,8.0,8.02,7.65,7.72,7.588691,9404500,8.5,-9.176470588235297,ICICI
2020-04-02,7.76,7.91,7.6,7.87,7.73614,13482400,7.72,1.9430051813471552,ICICI
2020-04-03,7.29,7.42,7.15,7.23,7.107025,9946600,7.87,-8.132147395171534,ICICI
2020-04-06,7.76,8.16,7.62,8.03,7.893418,19217800,7.23,11.065006915629306,ICICI
2020-04-07,8.39,8.64,8.2,8.3,8.158826,11693400,8.03,3.3623910336239273,ICICI
2020-04-08,8.19,8.69,8.19,8.64,8.493044,12066500,8.3,4.096385542168672,ICICI
2020-04-09,8.9,9.3,8.89,9.04,8.88624,11342700,8.64,4.629629629629613,ICICI
2020-04-13,8.87,8.92,8.63,8.9,8.74862,17301700,9.04,-1.5486725663716683,ICICI
2020-04-14,9.04,9.21,8.93,9.04,8.88624,10215100,8.9,1.5730337078651548,ICICI
2020-04-15,8.54,8.67,8.43,8.56,8.414404,6811200,9.04,-5.309734513274321,ICICI
2020-04-16,8.83,8.94,8.73,8.77,8.620831,10295800,8.56,2.4532710280373724,ICICI
2020-04-17,9.61,9.73,9.41,9.53,9.367905,13040400,8.77,8.665906499429871,ICICI
2020-04-20,9.27,9.38,9.11,9.21,9.053347,7430000,9.53,-3.3578174186778442,ICICI
2020-04-21,8.54,8.67,8.34,8.47,8.325934,10846000,9.21,-8.034744842562434,ICICI
2020-04-22,8.71,9.06,8.69,9.0,8.846919,13019900,8.47,6.257378984651704,ICICI
2020-04-23,9.26,9.36,9.01,9.04,8.88624,6928000,9.0,0.444444444444435,ICICI
2020-04-24,8.9,8.93,8.62,8.72,8.571682,6203400,9.04,-3.5398230088495417,ICICI
2020-04-27,8.99,9.25,8.94,9.23,9.073007,5490400,8.72,5.848623853211006,ICICI
2020-04-28,9.56,9.61,9.21,9.26,9.102497,7590600,9.23,0.32502708559045895,ICICI
2020-04-29,9.69,10.19,9.69,10.14,9.967529,13180500,9.26,9.503239740820742,ICICI
2020-04-30,9.95,10.05,9.61,9.76,9.593992,8074600,10.14,-3.747534516765293,ICICI
2020-05-01,9.33,9.51,9.3,9.36,9.200796,6043200,9.76,-4.098360655737709,ICICI
2020-05-04,9.0,9.08,8.84,8.96,8.8076,8276200,9.36,-4.273504273504258,ICICI
2020-05-05,8.79,9.01,8.74,8.84,8.689641,8254500,8.96,-1.3392857142857253,ICICI
2020-05-06,9.03,9.03,8.78,8.78,8.630661,6956100,8.84,-0.6787330316742138,ICICI
2020-05-07,8.87,8.95,8.81,8.85,8.699471,4594200,8.78,0.7972665148063816,ICICI
2020-05-08,8.92,9.04,8.82,9.02,8.866579,3246100,8.85,1.9209039548022593,ICICI
2020-05-11,8.6,8.6,8.28,8.35,8.207975,8396200,9.02,-7.427937915742794,ICICI
2020-05-12,8.49,9.24,8.41,9.01,8.85675,14614000,8.35,7.904191616766469,ICICI
2020-05-13,8.98,9.07,8.73,8.76,8.611001,10795100,9.01,-2.774694783573807,ICICI
2020-05-14,8.56,8.77,8.25,8.71,8.561852,8499700,8.76,-0.5707762557077504,ICICI
2020-05-15,8.43,8.51,8.29,8.46,8.316104,6064900,8.71,-2.870264064293915,ICICI
2020-05-18,8.24,8.36,8.11,8.19,8.050697,10810700,8.46,-3.1914893617021436,ICICI
2020-05-19,8.12,8.12,7.85,7.88,7.74597,7229400,8.19,-3.7851037851037805,ICICI
2020-05-20,8.06,8.3,8.06,8.17,8.031037,6557200,7.88,3.6802030456852797,ICICI
2020-05-21,8.1,8.15,7.95,7.98,7.844269,5946200,8.17,-2.325581395348831,ICICI
2020-05-22,7.79,7.79,7.66,7.76,7.628011,6015400,7.98,-2.7568922305764487,ICICI
2020-05-26,7.9,8.0,7.84,7.9,7.765629,14744100,7.76,1.8041237113402135,ICICI
2020-05-27,8.5,8.55,8.33,8.51,8.365254,13162400,7.9,7.7215189873417645,ICICI
2020-05-28,8.67,8.67,8.47,8.48,8.335763,8235100,8.51,-0.3525264394829537,ICICI
2020-05-29,8.57,8.73,8.54,8.7,8.552022,7402700,8.48,2.594339622641496,ICICI
2020-06-01,8.86,9.02,8.85,8.92,8.768281,6877500,8.7,2.5287356321839156,ICICI
2020-06-02,9.19,9.59,9.19,9.55,9.387565,18583300,8.92,7.0627802690583055,ICICI
2020-06-03,9.7,9.9,9.6,9.78,9.613651,16876300,9.55,2.408376963350771,ICICI
2020-06-04,9.37,9.4,9.26,9.31,9.151647,12362800,9.78,-4.805725971370132,ICICI
2020-06-05,9.64,9.88,9.61,9.77,9.603823,12801400,9.31,4.94092373791621,ICICI
2020-06-08,9.77,9.78,9.55,9.69,9.525183,7204800,9.77,-0.8188331627430918,ICICI
2020-06-09,9.4,9.44,9.14,9.23,9.073007,10466400,9.69,-4.747162022703809,ICICI
2020-06-10,9.41,9.52,9.32,9.37,9.210627,9034200,9.23,1.5167930660888276,ICICI
2020-06-11,8.9,8.92,8.57,8.67,8.522532,9410600,9.37,-7.470651013874059,ICICI
2020-06-12,9.02,9.07,8.76,9.0,8.846919,8697400,8.67,3.8062283737024227,ICICI
2020-06-15,8.71,8.96,8.57,8.91,8.75845,4483000,9.0,-0.9999999999999984,ICICI
2020-06-16,9.09,9.2,8.91,8.96,8.8076,8046200,8.91,0.5611672278339025,ICICI
2020-06-17,9.03,9.03,8.91,8.98,8.827259,3536300,8.96,0.22321428571428092,ICICI
2020-06-18,9.13,9.34,9.12,9.24,9.082836,6117100,8.98,2.895322939866367,ICICI
2020-06-19,9.62,9.68,9.43,9.47,9.308926,11403500,9.24,2.489177489177494,ICICI
2020-06-22,9.53,9.69,9.53,9.63,9.466205,5143900,9.47,1.6895459345300963,ICICI
2020-06-23,9.93,10.03,9.81,9.86,9.692291,7451000,9.63,2.38836967808929,ICICI
2020-06-24,9.32,9.32,9.02,9.16,9.004199,7384200,9.86,-7.099391480730216,ICICI
2020-06-25,9.16,9.38,9.16,9.38,9.220456,5405400,9.16,2.401746724890837,ICICI
2020-06-26,9.2,9.24,8.98,9.05,8.89607,6352600,9.38,-3.5181236673773992,ICICI
2020-06-29,9.04,9.16,8.99,9.12,8.964878,3734000,9.05,0.7734806629834089,ICICI
2020-06-30,9.26,9.34,9.16,9.29,9.131987,5929900,9.12,1.8640350877192977,ICICI
2020-07-01,9.52,9.71,9.5,9.6,9.436715,6416200,9.29,3.3369214208826747,ICICI
2020-07-02,9.76,9.76,9.57,9.63,9.466205,4224400,9.6,0.3125000000000119,ICICI
2020-07-06,9.74,9.79,9.63,9.79,9.623483,5201200,9.63,1.6614745586708033,ICICI
2020-07-07,9.96,10.09,9.87,9.91,9.741442,5144700,9.79,1.2257405515832585,ICICI
2020-07-08,9.81,9.97,9.76,9.89,9.721783,3583900,9.91,-0.20181634712411275,ICICI
2020-07-09,9.88,9.9,9.63,9.74,9.574332,5065200,9.89,-1.516683518705767,ICICI
2020-07-10,9.59,9.74,9.5,9.72,9.554673,3295300,9.74,-0.20533880903490323,ICICI
2020-07-13,9.47,9.58,9.38,9.43,9.269606,5663200,9.72,-2.983539094650215,ICICI
2020-07-14,9.23,9.35,9.17,9.32,9.161476,4403700,9.43,-1.1664899257688168,ICICI
2020-07-15,9.44,9.48,9.36,9.39,9.230287,3956500,9.32,0.7510729613733936,ICICI
2020-07-16,9.29,9.29,9.21,9.26,9.102497,4644200,9.39,-1.3844515441959613,ICICI
2020-07-17,9.51,9.53,9.39,9.4,9.240115,3525300,9.26,1.5118790496760321,ICICI
2020-07-20,9.66,10.07,9.64,10.02,9.849571,8754200,9.4,6.595744680851055,ICICI
2020-07-21,10.34,10.68,10.34,10.6,10.419705,16445600,10.02,5.788423153692616,ICICI
2020-07-22,10.33,10.45,10.27,10.4,10.223106,8473300,10.6,-1.886792452830182,ICICI
2020-07-23,10.65,10.65,10.31,10.35,10.173958,4737200,10.4,-0.48076923076923755,ICICI
2020-07-24,10.2,10.31,10.13,10.28,10.105147,2656500,10.35,-0.6763285024154617,ICICI
2020-07-27,9.69,9.9,9.64,9.85,9.682462,10192000,10.28,-4.182879377431904,ICICI
2020-07-28,9.6,9.63,9.49,9.56,9.397395,9919800,9.85,-2.944162436548215,ICICI
2020-07-29,9.55,9.57,9.48,9.56,9.397395,5353000,9.56,0.0,ICICI
2020-07-30,9.31,9.37,9.2,9.35,9.190968,5972300,9.56,-2.196652719665281,ICICI
2020-07-31,9.39,9.39,9.25,9.39,9.230287,6463600,9.35,0.42780748663102597,ICICI
2020-08-03,9.32,9.33,9.22,9.3,9.141817,5103300,9.39,-0.9584664536741198,ICICI
2020-08-04,9.45,9.52,9.34,9.38,9.220456,5496000,9.3,0.8602150537634415,ICICI
2020-08-05,9.53,9.55,9.45,9.49,9.328586,4018800,9.38,1.1727078891257934,ICICI
2020-08-06,9.58,9.69,9.5,9.62,9.456374,5306200,9.49,1.3698630136986196,ICICI
2020-08-07,9.59,9.65,9.53,9.62,9.456374,3706900,9.62,0.0,ICICI
2020-08-10,9.78,10.14,9.75,9.96,9.790591,7906400,9.62,3.534303534303552,ICICI
2020-08-11,9.96,10.19,9.89,10.14,9.967529,10476600,9.96,1.8072289156626478,ICICI
2020-08-12,10.02,10.12,9.99,10.11,9.93804,7655600,10.14,-0.29585798816569164,ICICI
2020-08-13,10.04,10.14,10.01,10.08,9.90855,6891600,10.11,-0.2967359050445041,ICICI
2020-08-14,9.84,9.91,9.75,9.76,9.593992,5787800,10.08,-3.174603174603177,ICICI
2020-08-17,9.79,9.94,9.68,9.92,9.751271,14388700,9.76,1.6393442622950833,ICICI
2020-08-18,10.08,10.24,10.02,10.22,10.046169,23239400,9.92,3.0241935483871036,ICICI
2020-08-19,10.15,10.19,10.03,10.05,9.879061,7421700,10.22,-1.6634050880626214,ICICI
2020-08-20,9.9,10.08,9.87,10.05,9.879061,8027800,10.05,0.0,ICICI
2020-08-21,10.09,10.18,9.99,10.17,9.997019,13851500,10.05,1.1940298507462608,ICICI
2020-08-24,10.42,10.52,10.37,10.38,10.203447,10034400,10.17,2.06489675516225,ICICI
2020-08-25,10.53,10.69,10.43,10.68,10.498344,10640800,10.38,2.8901734104046137,ICICI
2020-08-26,10.69,10.69,10.43,10.53,10.350896,12164600,10.68,-1.4044943820224753,ICICI
2020-08-27,10.65,10.79,10.6,10.68,10.498344,19350700,10.53,1.424501424501428,ICICI
2020-08-28,11.17,11.28,11.14,11.24,11.04882,8669100,10.68,5.2434456928839,ICICI
2020-08-31,10.78,10.79,10.67,10.74,10.557323,6605700,11.24,-4.448398576512456,ICICI
2020-09-01,10.85,10.92,10.77,10.88,10.694943,5619000,10.74,1.3035381750465602,ICICI
2020-09-02,10.84,10.88,10.69,10.85,10.665453,5141000,10.88,-0.27573529411765746,ICICI
2020-09-03,10.65,10.69,10.31,10.41,10.232937,12556000,10.85,-4.055299539170503,ICICI
2020-09-04,10.44,10.45,10.04,10.32,10.144467,12346100,10.41,-0.8645533141210362,ICICI
2020-09-08,10.19,10.35,10.13,10.22,10.046169,6486500,10.32,-0.968992248062012,ICICI
2020-09-09,10.16,10.27,10.12,10.18,10.006848,13596400,10.22,-0.39138943248533187,ICICI
2020-09-10,10.28,10.32,10.04,10.05,9.879061,4913000,10.18,-1.277013752455786,ICICI
2020-09-11,10.15,10.2,10.0,10.1,9.92821,6941100,10.05,0.49751243781093457,ICICI
2020-09-14,10.04,10.04,9.9,9.96,9.790591,5240200,10.1,-1.3861386138613743,ICICI
2020-09-15,10.15,10.23,10.11,10.17,9.997019,6518300,9.96,2.1084337349397497,ICICI
2020-09-16,10.23,10.35,10.19,10.21,10.036338,5863100,10.17,0.3933136676499599,ICICI
2020-09-17,10.06,10.13,10.01,10.1,9.92821,4636300,10.21,-1.077375122429003,ICICI
2020-09-18,10.07,10.09,9.96,10.04,9.86923,5206100,10.1,-0.594059405940599,ICICI
2020-09-21,9.6,9.71,9.45,9.71,9.544843,7874200,10.04,-3.2868525896414176,ICICI
2020-09-22,9.76,9.77,9.58,9.73,9.564502,5540900,9.71,0.2059732234809431,ICICI
2020-09-23,9.68,9.68,9.48,9.49,9.328586,6242800,9.73,-2.4665981500513894,ICICI
2020-09-24,9.2,9.4,9.16,9.3,9.141817,10857400,9.49,-2.002107481559531,ICICI
2020-09-25,9.48,9.61,9.39,9.6,9.436715,5406200,9.3,3.2258064516128915,ICICI
2020-09-28,9.9,9.94,9.81,9.82,9.652972,5601800,9.6,2.2916666666666736,ICICI
2020-09-29,9.84,9.88,9.77,9.85,9.682462,4770100,9.82,0.30549898167005457,ICICI
2020-09-30,9.76,9.89,9.7,9.83,9.662802,4204000,9.85,-0.20304568527918349,ICICI
2020-10-01,10.11,10.28,10.11,10.25,10.075658,3202900,9.83,4.272634791454729,ICICI
2020-10-02,10.08,10.33,10.05,10.24,10.065828,6423800,10.25,-0.09756097560975402,ICICI
2020-10-05,10.28,10.47,10.28,10.45,10.272257,6279000,10.24,2.050781249999991,ICICI
2020-10-06,10.53,10.59,10.38,10.39,10.213278,9058700,10.45,-0.5741626794258251,ICICI
2020-10-07,10.52,10.66,10.5,10.63,10.449194,5311300,10.39,2.3099133782483174,ICICI
2020-10-08,10.74,10.9,10.7,10.81,10.626134,8090800,10.63,1.6933207902163658,ICICI
2020-10-09,11.08,11.16,10.97,11.04,10.852221,5763000,10.81,2.1276595744680726,ICICI
2020-10-12,11.01,11.07,11.0,11.05,10.862052,9956200,11.04,0.0905797101449417,ICICI
2020-10-13,10.86,10.87,10.78,10.87,10.685113,3921400,11.05,-1.6289592760181129,ICICI
2020-10-14,11.1,11.24,11.1,11.13,10.94069,6527800,10.87,2.3919043238270614,ICICI
2020-10-15,10.76,10.87,10.71,10.87,10.685113,6166100,11.13,-2.336028751123105,ICICI
2020-10-16,10.89,10.98,10.87,10.96,10.773582,3457400,10.87,0.827966881324762,ICICI
2020-10-19,11.43,11.47,11.29,11.29,11.097968,5878500,10.96,3.010948905109473,ICICI
2020-10-20,11.35,11.43,11.3,11.38,11.186439,3764400,11.29,0.7971656333038233,ICICI
2020-10-21,11.46,11.5,11.41,11.46,11.265078,4162400,11.38,0.7029876977152906,ICICI
2020-10-22,11.35,11.4,11.26,11.35,11.156949,6458500,11.46,-0.9598603839441641,ICICI
2020-10-23,11.46,11.51,11.42,11.47,11.274908,4515000,11.35,1.0572687224669692,ICICI
2020-10-26,11.12,11.12,10.95,11.08,10.891541,4634500,11.47,-3.400174367916308,ICICI
2020-10-27,11.19,11.28,11.1,11.16,10.97018,4422000,11.08,0.7220216606498201,ICICI
2020-10-28,10.74,10.79,10.51,10.56,10.380386,6605300,11.16,-5.376344086021502,ICICI
2020-10-29,10.68,10.71,10.55,10.67,10.488515,7976300,10.56,1.0416666666666612,ICICI
2020-10-30,10.62,10.68,10.47,10.55,10.370557,8126300,10.67,-1.1246485473289525,ICICI
2020-11-02,11.27,11.59,11.24,11.56,11.363377,13526200,10.55,9.573459715639808,ICICI
2020-11-03,12.22,12.28,11.96,11.97,11.766404,5764500,11.56,3.546712802768167,ICICI
2020-11-04,11.8,12.13,11.8,12.0,11.795892,10282300,11.97,0.25062656641603476,ICICI
2020-11-05,11.96,12.14,11.94,12.1,11.894192,8703800,12.0,0.8333333333333304,ICICI
2020-11-06,12.2,12.22,11.98,12.13,11.923681,7673500,12.1,0.24793388429753005,ICICI
2020-11-09,13.29,13.89,13.22,13.44,13.211399,22308500,12.13,10.799670239076658,ICICI
2020-11-10,13.29,13.35,13.15,13.25,13.024632,6946000,13.44,-1.4136904761904725,ICICI
2020-11-11,13.28,13.28,13.12,13.2,12.975482,5018200,13.25,-0.3773584905660431,ICICI
2020-11-12,12.94,12.98,12.8,12.87,12.651095,6766400,13.2,-2.500000000000001,ICICI
2020-11-13,13.14,13.18,12.99,13.18,12.955823,4627300,12.87,2.4087024087024127,ICICI
2020-11-16,13.43,13.53,13.37,13.45,13.221229,4570000,13.18,2.0485584218512867,ICICI
2020-11-17,13.21,13.48,13.21,13.43,13.20157,21519600,13.45,-0.14869888475836116,ICICI
2020-11-18,13.54,13.65,13.26,13.27,13.044292,14964100,13.43,-1.1913626209977672,ICICI
2020-11-19,13.04,13.1,12.95,13.03,12.808373,8964600,13.27,-1.8085908063300695,ICICI
2020-11-20,13.05,13.13,12.9,12.95,12.729733,5645500,13.03,-0.6139677666922493,ICICI
2020-11-23,12.77,12.85,12.7,12.81,12.592116,8859200,12.95,-1.0810810810810718,ICICI
2020-11-24,13.11,13.23,13.07,13.2,12.975482,10485700,12.81,3.0444964871194284,ICICI
2020-11-25,12.95,13.04,12.86,13.0,12.778883,8772200,13.2,-1.5151515151515098,ICICI
2020-11-27,13.07,13.19,12.95,13.0,12.778883,5301400,13.0,0.0,ICICI
2020-11-30,12.92,12.93,12.78,12.86,12.641265,7213900,13.0,-1.0769230769230813,ICICI
2020-12-01,13.26,13.45,13.24,13.39,13.162251,9950800,12.86,4.121306376360818,ICICI
2020-12-02,13.17,13.37,13.08,13.27,13.044292,7203100,13.39,-0.8961911874533308,ICICI
2020-12-03,13.3,13.36,13.13,13.16,12.936162,11117300,13.27,-0.8289374529012768,ICICI
2020-12-04,13.73,13.85,13.68,13.83,13.594767,13221800,13.16,5.0911854103343455,ICICI
2020-12-07,13.86,14.04,13.75,13.95,13.712725,10189100,13.83,0.8676789587852438,ICICI
2020-12-08,13.87,13.93,13.76,13.87,13.634086,5327700,13.95,-0.5734767025089611,ICICI
2020-12-09,14.01,14.06,13.88,13.97,13.732385,8892700,13.87,0.7209805335256051,ICICI
2020-12-10,13.88,13.92,13.77,13.91,13.673406,7201700,13.97,-0.42949176807444883,ICICI
2020-12-11,14.05,14.16,14.04,14.1,13.860174,5953600,13.91,1.3659237958303343,ICICI
2020-12-14,14.42,14.51,14.27,14.29,14.046943,8314300,14.1,1.3475177304964505,ICICI
2020-12-15,14.2,14.35,14.16,14.33,14.086263,5813700,14.29,0.27991602519244874,ICICI
2020-12-16,14.16,14.17,14.01,14.17,13.928984,8070300,14.33,-1.1165387299371956,ICICI
2020-12-17,14.13,14.13,14.03,14.08,13.840513,5458200,14.17,-0.6351446718419186,ICICI
2020-12-18,14.17,14.2,14.1,14.12,13.879834,7027700,14.08,0.284090909090903,ICICI
2020-12-21,13.52,13.73,13.44,13.68,13.447318,9328800,14.12,-3.1161473087818665,ICICI
2020-12-22,13.74,13.74,13.63,13.66,13.427657,5418900,13.68,-0.1461988304093536,ICICI
2020-12-23,13.78,13.93,13.77,13.87,13.634086,5721800,13.66,1.5373352855051177,ICICI
2020-12-24,14.08,14.08,13.96,13.99,13.752044,2111100,13.87,0.865176640230721,ICICI
2020-12-28,14.22,14.35,14.17,14.26,14.017453,9931300,13.99,1.9299499642601827,ICICI
2020-12-29,14.51,14.72,14.46,14.56,14.31235,13230900,14.26,2.10378681626929,ICICI
2020-12-30,14.56,14.71,14.56,14.66,14.410649,11739400,14.56,0.6868131868131844,ICICI
2020-12-31,14.78,14.88,14.7,14.86,14.607245,5189500,14.66,1.3642564802182762,ICICI
2021-01-04,14.69,14.79,14.39,14.44,14.19439,9199800,14.86,-2.8263795423956926,ICICI
2021-01-05,14.73,14.9,14.73,14.8,14.548268,6422500,14.44,2.493074792243776,ICICI
2021-01-06,15.06,15.23,15.0,15.16,14.902144,13355100,14.8,2.4324324324324285,ICICI
2021-01-07,14.9,14.98,14.81,14.89,14.636737,14000400,15.16,-1.7810026385224245,ICICI
2021-01-08,14.98,15.01,14.82,14.98,14.725205,6407200,14.89,0.6044325050369366,ICICI
2021-01-11,14.89,14.95,14.82,14.87,14.617077,5125600,14.98,-0.7343124165554152,ICICI
2021-01-12,14.94,15.21,14.94,15.21,14.951295,15854600,14.87,2.2864828513786257,ICICI
2021-01-13,15.31,15.34,15.12,15.28,15.020103,6247700,15.21,0.46022353714660424,ICICI
2021-01-14,15.2,15.23,15.08,15.14,14.882485,4537100,15.28,-0.9162303664921387,ICICI
2021-01-15,14.92,15.0,14.81,14.97,14.715377,5938100,15.14,-1.1228533685601052,ICICI
2021-01-19,15.1,15.11,14.92,15.08,14.823505,6197200,14.97,0.734802939211753,ICICI
2021-01-20,15.19,15.33,15.16,15.32,15.059422,5532000,15.08,1.591511936339524,ICICI
2021-01-21,15.28,15.39,15.21,15.32,15.059422,11793000,15.32,0.0,ICICI
2021-01-22,14.77,15.04,14.68,14.97,14.715377,12459100,15.32,-2.284595300261094,ICICI
2021-01-25,14.95,14.97,14.62,14.8,14.548268,7454900,14.97,-1.135604542418169,ICICI
2021-01-26,14.74,14.88,14.61,14.87,14.617077,7875200,14.8,0.47297297297296287,ICICI
2021-01-27,14.48,14.48,14.2,14.32,14.076431,12450600,14.87,-3.6987222595830462,ICICI
2021-01-28,14.65,14.98,14.62,14.94,14.685885,10671700,14.32,4.329608938547481,ICICI
2021-01-29,14.98,15.14,14.85,15.1,14.843165,16391000,14.94,1.070950468540831,ICICI
2021-02-01,16.700001,17.0,16.6,17.0,16.710848,16938000,15.1,12.582781456953645,ICICI
2021-02-02,17.16,17.459999,17.110001,17.34,17.045065,15044100,17.0,1.9999999999999991,ICICI
2021-02-03,17.34,17.440001,17.120001,17.24,16.946766,9514500,17.34,-0.5767012687427994,ICICI
2021-02-04,17.299999,17.35,17.16,17.35,17.054897,5981000,17.24,0.6380510440835441,ICICI
2021-02-05,17.1,17.559999,17.1,17.559999,17.261322,12043200,17.35,1.2103688760806905,ICICI
2021-02-08,17.59,17.67,17.49,17.65,17.349791,14241800,17.559999,0.5125341977525016,ICICI
2021-02-09,17.540001,17.74,17.51,17.719999,17.4186,13692300,17.65,0.3965949008498743,ICICI
2021-02-10,17.66,17.690001,17.459999,17.610001,17.310472,16946100,17.719999,-0.6207562427063394,ICICI
2021-02-11,17.66,17.66,17.469999,17.549999,17.251492,9379300,17.610001,-0.34072684039030304,ICICI
2021-02-12,17.950001,18.309999,17.92,18.1,17.792139,10645000,17.549999,3.133909010479156,ICICI
2021-02-16,18.41,18.469999,18.040001,18.120001,17.8118,8958700,18.1,0.11050276243092291,ICICI
2021-02-17,18.1,18.129999,17.889999,17.959999,17.654518,7194300,18.120001,-0.8830131963016926,ICICI
2021-02-18,17.74,17.83,17.58,17.58,17.280981,8461900,17.959999,-2.115807467472585,ICICI
2021-02-19,17.370001,17.5,17.33,17.389999,17.094215,7097500,17.58,-1.080779294653008,ICICI
2021-02-22,17.0,17.1,16.860001,16.950001,16.661699,9477500,17.389999,-2.530178408865919,ICICI
2021-02-23,17.08,17.290001,16.860001,17.26,16.966427,7758800,16.950001,1.8289025469674087,ICICI
2021-02-24,17.68,17.709999,17.42,17.68,17.379282,6259400,17.26,2.433371958285041,ICICI
2021-02-25,17.43,17.57,17.139999,17.17,16.877956,10966300,17.68,-2.8846153846153735,ICICI
2021-02-26,16.540001,16.780001,16.42,16.610001,16.32748,10129900,17.17,-3.2614967967385042,ICICI
2021-03-01,16.77,16.969999,16.76,16.93,16.642038,5575500,16.610001,1.9265441344645269,ICICI
2021-03-02,16.940001,17.030001,16.74,16.84,16.55357,9543100,16.93,-0.5316007088009442,ICICI
2021-03-03,17.450001,17.48,17.129999,17.15,16.858297,4686400,16.84,1.8408551068883532,ICICI
2021-03-04,17.24,17.42,16.82,16.959999,16.671526,10081700,17.15,-1.107877551020401,ICICI
2021-03-05,16.959999,17.129999,16.610001,16.959999,16.671526,7329200,16.959999,0.0,ICICI
2021-03-08,16.85,17.040001,16.76,16.780001,16.494591,6978500,16.959999,-1.0613090248413413,ICICI
2021-03-09,17.25,17.469999,17.17,17.34,17.045065,8408000,16.780001,3.3373001586829543,ICICI
2021-03-10,17.42,17.530001,17.16,17.25,16.956596,5344800,17.34,-0.5190311418685113,ICICI
2021-03-11,17.43,17.48,17.34,17.440001,17.143364,6774500,17.25,1.1014550724637608,ICICI
2021-03-12,16.860001,16.969999,16.77,16.83,16.543739,4117500,17.440001,-3.4977119554064275,ICICI
2021-03-15,16.709999,16.709999,16.540001,16.67,16.386461,3995100,16.83,-0.9506833036244599,ICICI
2021-03-16,16.620001,16.73,16.57,16.709999,16.425779,5824600,16.67,0.23994601079782912,ICICI
2021-03-17,16.370001,16.629999,16.139999,16.41,16.130882,7236800,16.709999,-1.7953262594450168,ICICI
2021-03-18,16.07,16.09,15.82,15.88,15.609898,8986500,16.41,-3.229737964655694,ICICI
2021-03-19,16.190001,16.26,16.02,16.17,15.894966,8085700,15.88,1.8261964735516432,ICICI
2021-03-22,15.95,16.049999,15.8,15.92,15.649218,4991500,16.17,-1.546072974644414,ICICI
2021-03-23,16.17,16.17,15.93,15.94,15.668877,8019300,15.92,0.1256281407035149,ICICI
2021-03-24,15.68,15.81,15.63,15.64,15.373981,4996300,15.94,-1.8820577164366308,ICICI
2021-03-25,15.67,15.96,15.59,15.94,15.668877,5930500,15.64,1.918158567774929,ICICI
2021-03-26,16.1,16.25,15.96,16.24,15.963775,6414900,15.94,1.8820577164366308,ICICI
2021-03-29,16.129999,16.129999,15.95,16.01,15.737687,2181600,16.24,-1.4162561576354489,ICICI
2021-03-30,16.17,16.280001,16.059999,16.190001,15.914625,4171800,16.01,1.1243035602748106,ICICI
2021-03-31,16.059999,16.110001,15.95,16.030001,15.757347,5781400,16.190001,-0.9882642996748434,ICICI
2021-04-01,16.299999,16.41,16.18,16.209999,15.934283,4032800,16.030001,1.1228820260210917,ICICI
2021-04-05,15.72,15.86,15.52,15.83,15.560747,10711100,16.209999,-2.344225931167545,ICICI
2021-04-06,15.59,15.59,15.46,15.48,15.216701,4144600,15.83,-2.210991787744786,ICICI
2021-04-07,15.48,15.69,15.4,15.59,15.324831,5429000,15.48,0.7105943152454743,ICICI
2021-04-08,15.55,15.57,15.38,15.43,15.167552,3331800,15.59,-1.0262989095574095,ICICI
2021-04-09,15.24,15.41,15.0,15.37,15.108572,5211900,15.43,-0.3888528839922262,ICICI
2021-04-12,14.54,14.58,14.3,14.37,14.125581,6886100,15.37,-6.506180871828238,ICICI
2021-04-13,14.93,14.93,14.58,14.65,14.400819,15190100,14.37,1.9485038274182405,ICICI
2021-04-14,14.95,15.01,14.72,14.76,14.508949,7565900,14.65,0.7508532423208152,ICICI
2021-04-15,15.25,15.42,15.24,15.35,15.088913,8685200,14.76,3.9972899728997278,ICICI
2021-04-16,15.21,15.31,15.16,15.22,14.961124,4316800,15.35,-0.846905537459277,ICICI
2021-04-19,15.0,15.0,14.83,14.95,14.695716,6078000,15.22,-1.7739816031537539,ICICI
2021-04-20,14.86,14.9,14.59,14.6,14.351669,7189900,14.95,-2.341137123745817,ICICI
2021-04-21,14.54,14.72,14.52,14.7,14.449968,11519300,14.6,0.6849315068493127,ICICI
2021-04-22,15.3,15.39,15.0,15.02,14.764526,15449300,14.7,2.1768707482993217,ICICI
2021-04-23,15.05,15.18,14.99,15.08,14.823505,9240400,15.02,0.39946737683089545,ICICI
2021-04-26,15.53,16.139999,15.51,15.94,15.668877,19919700,15.08,5.7029177718832855,ICICI
2021-04-27,16.049999,16.25,15.94,16.139999,15.865475,14116700,15.94,1.2546988707653706,ICICI
2021-04-28,16.639999,16.780001,16.559999,16.77,16.48476,7206200,16.139999,3.903352162537309,ICICI
2021-04-29,16.870001,16.870001,16.58,16.77,16.48476,7388900,16.77,0.0,ICICI
2021-04-30,16.200001,16.360001,16.09,16.299999,16.022753,9204700,16.77,-2.8026296958855093,ICICI
2021-05-03,16.25,16.469999,16.219999,16.33,16.052244,11028200,16.299999,0.18405522601564953,ICICI
2021-05-04,16.120001,16.17,15.74,15.96,15.688538,11579800,16.33,-2.2657685241885948,ICICI
2021-05-05,16.360001,16.43,16.24,16.309999,16.032585,5931500,15.96,2.192976190476193,ICICI
2021-05-06,16.5,16.66,16.389999,16.66,16.376631,4996600,16.309999,2.1459290095603247,ICICI
2021-05-07,16.559999,16.74,16.549999,16.68,16.39629,5793200,16.66,0.1200480192076805,ICICI
2021-05-10,16.9,16.9,16.65,16.67,16.386461,7623000,16.68,-0.05995203836929262,ICICI
2021-05-11,16.459999,16.610001,16.41,16.57,16.28816,4038900,16.67,-0.5998800239952095,ICICI
2021-05-12,16.219999,16.309999,15.88,15.92,15.649218,10105100,16.57,-3.922751961375983,ICICI
2021-05-13,15.95,16.25,15.95,16.16,15.885136,5219500,15.92,1.5075376884422125,ICICI
2021-05-14,16.4,16.58,16.280001,16.540001,16.258673,8819500,16.16,2.351491336633664,ICICI
2021-05-17,17.030001,17.16,16.969999,17.049999,16.759996,4393100,16.540001,3.083421820833019,ICICI
2021-05-18,17.26,17.42,17.18,17.18,16.887787,5000500,17.049999,0.7624692529307482,ICICI
2021-05-19,16.93,17.290001,16.889999,17.24,16.946766,7187900,17.18,0.34924330616995763,ICICI
2021-05-20,17.049999,17.24,17.049999,17.219999,16.927107,4399600,17.24,-0.11601508120647941,ICICI
2021-05-21,17.68,17.719999,17.59,17.639999,17.339962,4985600,17.219999,2.439024531882947,ICICI
2021-05-24,17.74,17.860001,17.700001,17.780001,17.477581,2555300,17.639999,0.793662176511456,ICICI
2021-05-25,17.82,17.83,17.639999,17.67,17.369452,4796400,17.780001,-0.6186782554174036,ICICI
2021-05-26,17.82,17.99,17.799999,17.969999,17.664349,3291800,17.67,1.697787209960383,ICICI
2021-05-27,18.0,18.17,17.969999,18.17,17.860949,3241400,17.969999,1.112971681300596,ICICI
2021-05-28,17.959999,18.08,17.870001,18.01,17.703671,4372900,18.17,-0.8805723720418278,ICICI
2021-06-01,18.040001,18.09,17.889999,17.950001,17.644691,4092000,18.01,-0.3331426985008398,ICICI
2021-06-02,17.879999,17.950001,17.799999,17.940001,17.634861,5714600,17.950001,-0.055710303303055875,ICICI
2021-06-03,17.82,17.93,17.76,17.85,17.546391,3472700,17.940001,-0.5016777869744675,ICICI
2021-06-04,17.799999,17.950001,17.76,17.93,17.625029,3731700,17.85,0.4481792717086739,ICICI
2021-06-07,18.0,18.02,17.879999,17.92,17.6152,9915300,17.93,-0.05577244841047412,ICICI
2021-06-08,17.75,17.83,17.719999,17.809999,17.507071,3408100,17.92,-0.6138448660714311,ICICI
2021-06-09,17.58,17.6,17.42,17.43,17.133533,3993800,17.809999,-2.1336272955433713,ICICI
2021-06-10,17.57,17.690001,17.52,17.610001,17.310472,5110200,17.43,1.0327079747561718,ICICI
2021-06-11,17.450001,17.58,17.42,17.549999,17.251492,3291300,17.610001,-0.34072684039030304,ICICI
2021-06-14,17.540001,17.549999,17.48,17.549999,17.251492,3834600,17.549999,0.0,ICICI
2021-06-15,17.700001,17.719999,17.559999,17.6,17.300642,3356700,17.549999,0.2849059991399529,ICICI
2021-06-16,17.5,17.540001,17.299999,17.379999,17.084383,3857100,17.6,-1.250005681818181,ICICI
2021-06-17,17.27,17.27,17.040001,17.129999,16.838636,4458200,17.379999,-1.4384350655025928,ICICI
2021-06-18,17.129999,17.129999,16.85,16.860001,16.573229,3788200,17.129999,-1.5761705531915156,ICICI
2021-06-21,17.040001,17.219999,16.98,17.219999,16.927107,3555600,16.860001,2.1352193276856917,ICICI
2021-06-22,17.09,17.139999,16.969999,17.040001,16.75017,3342900,17.219999,-1.0452846135473133,ICICI
2021-06-23,16.969999,16.99,16.82,16.940001,16.651869,3493200,17.040001,-0.5868544256540913,ICICI
2021-06-24,17.16,17.290001,17.16,17.23,16.936935,2963500,16.940001,1.7119184349516963,ICICI
2021-06-25,17.52,17.58,17.370001,17.469999,17.172852,3639000,17.23,1.3929135229251361,ICICI
2021-06-28,17.440001,17.559999,17.4,17.540001,17.241663,4582700,17.469999,0.40069836294781,ICICI
2021-06-29,17.32,17.360001,17.16,17.24,16.946766,5035400,17.540001,-1.7103818865232774,ICICI
2021-06-30,17.02,17.129999,16.959999,17.1,16.809147,3867900,17.24,-0.8120649651971986,ICICI
2021-07-01,17.110001,17.129999,17.02,17.110001,16.818979,3915500,17.1,0.058485380116953437,ICICI
2021-07-02,17.23,17.35,17.190001,17.280001,16.986088,3805800,17.110001,0.9935709530350006,ICICI
2021-07-06,17.360001,17.469999,17.299999,17.309999,17.015575,6124600,17.280001,0.17359952699078338,ICICI
2021-07-07,17.48,17.6,17.370001,17.6,17.300642,5391900,17.309999,1.6753380517237473,ICICI
2021-07-08,17.200001,17.24,17.030001,17.139999,16.848467,6231500,17.6,-2.6136420454545557,ICICI
2021-07-09,17.200001,17.4,17.200001,17.360001,17.064726,4204800,17.139999,1.2835590013745097,ICICI
2021-07-12,17.34,17.690001,17.33,17.66,17.359623,10746500,17.360001,1.7281047391644717,ICICI
2021-07-13,17.83,17.959999,17.790001,17.799999,17.49724,4057400,17.66,0.7927463193657959,ICICI
2021-07-14,18.0,18.02,17.879999,17.91,17.60537,2730700,17.799999,0.6179831807855746,ICICI
2021-07-15,17.879999,18.040001,17.860001,17.98,17.674179,3553700,17.91,0.39084310441094516,ICICI
2021-07-16,17.809999,17.870001,17.629999,17.629999,17.330132,2461400,17.98,-1.9466129032258004,ICICI
2021-07-19,17.52,17.52,17.15,17.23,16.936935,7318800,17.629999,-2.2688543544443824,ICICI
2021-07-20,17.08,17.440001,17.030001,17.4,17.104044,5217900,17.23,0.9866511897852476,ICICI
2021-07-21,17.34,17.58,17.280001,17.52,17.222002,3723100,17.4,0.6896551724137989,ICICI
2021-07-22,17.65,17.73,17.57,17.6,17.300642,2452100,17.52,0.4566210045662206,ICICI
2021-07-23,18.049999,18.309999,17.98,18.290001,17.978909,8082600,17.6,3.92046022727272,ICICI
2021-07-26,18.219999,18.370001,18.139999,18.360001,18.047716,5254800,18.290001,0.38272277841865776,ICICI
2021-07-27,18.299999,18.389999,18.120001,18.17,17.860949,7144800,18.360001,-1.0348637780575216,ICICI
2021-07-28,18.389999,18.68,18.299999,18.59,18.328274,6440000,18.17,2.311502476609786,ICICI
2021-07-29,18.65,18.92,18.65,18.82,18.555037,6974300,18.59,1.2372243141473933,ICICI
2021-07-30,18.51,18.639999,18.49,18.59,18.328274,4325500,18.82,-1.222104144527101,ICICI
2021-08-02,18.51,18.57,18.34,18.41,18.150808,7113600,18.59,-0.9682625067240438,ICICI
2021-08-03,18.6,18.84,18.559999,18.809999,18.545177,4964100,18.41,2.1727267789245035,ICICI
2021-08-04,19.23,19.4,19.139999,19.33,19.057856,4032100,18.809999,2.7644924383036757,ICICI
2021-08-05,19.129999,19.299999,19.1,19.27,18.998703,3926200,19.33,-0.31039834454215587,ICICI
2021-08-06,19.110001,19.16,19.01,19.02,18.752222,3416100,19.27,-1.2973533990659056,ICICI
2021-08-09,19.09,19.219999,19.040001,19.15,18.88039,4212300,19.02,0.6834910620399527,ICICI
2021-08-10,19.1,19.120001,18.9,19.030001,18.762081,4574700,19.15,-0.6266266318537858,ICICI
2021-08-11,18.950001,19.030001,18.799999,18.85,18.584614,4489800,19.030001,-0.945880139470288,ICICI
2021-08-12,19.0,19.42,18.92,19.42,19.146589,8478900,18.85,3.0238726790450943,ICICI
2021-08-13,19.27,19.459999,19.24,19.360001,19.087433,4767400,19.42,-0.3089546858908406,ICICI
2021-08-16,19.190001,19.24,19.02,19.08,18.811377,7659800,19.360001,-1.4462860823199448,ICICI
2021-08-17,18.959999,19.01,18.719999,18.860001,18.594473,5668600,19.08,-1.1530345911949573,ICICI
2021-08-18,18.66,18.780001,18.59,18.6,18.338133,5286200,18.860001,-1.3785842323126019,ICICI
2021-08-19,18.5,18.559999,18.379999,18.549999,18.288836,3517000,18.6,-0.2688225806451706,ICICI
2021-08-20,18.59,18.59,18.450001,18.549999,18.288836,3274700,18.549999,0.0,ICICI
2021-08-23,18.67,18.690001,18.540001,18.620001,18.357853,4439900,18.549999,0.37736929258054835,ICICI
2021-08-24,18.809999,18.940001,18.75,18.9,18.633909,5143000,18.620001,1.5037539471668133,ICICI
2021-08-25,18.84,18.93,18.76,18.85,18.584614,5748500,18.9,-0.26455026455024955,ICICI
2021-08-26,18.93,18.959999,18.73,18.74,18.476162,3305300,18.85,-0.5835543766578407,ICICI
2021-08-27,19.030001,19.209999,18.959999,19.190001,18.919828,8364000,18.74,2.4012860192102474,ICICI
2021-08-30,19.51,19.610001,19.290001,19.290001,19.018421,8327300,19.190001,0.5211047148981464,ICICI
2021-08-31,19.549999,19.68,19.540001,19.620001,19.343773,7460900,19.290001,1.7107308599932074,ICICI
2021-09-01,19.75,19.83,19.690001,19.790001,19.511381,7006400,19.620001,0.8664627489060868,ICICI
2021-09-02,19.879999,19.879999,19.73,19.75,19.471943,5629000,19.790001,-0.20212732682530019,ICICI
2021-09-03,19.799999,19.82,19.719999,19.790001,19.511381,3150600,19.75,0.20253670886076036,ICICI
2021-09-07,19.5,19.68,19.5,19.6,19.324055,2631100,19.790001,-0.9600858534569996,ICICI
2021-09-08,19.59,19.66,19.57,19.610001,19.333914,3504500,19.6,0.051025510204076724,ICICI
2021-09-09,19.59,19.68,19.4,19.530001,19.255041,8893800,19.610001,-0.40795510413284447,ICICI
2021-09-10,19.639999,19.65,19.34,19.360001,19.087433,3886600,19.530001,-0.8704556645951946,ICICI
2021-09-13,19.299999,19.389999,19.200001,19.309999,19.038136,3181600,19.360001,-0.2582747800477862,ICICI
2021-09-14,19.34,19.360001,19.129999,19.190001,18.919828,4479200,19.309999,-0.6214293434194506,ICICI
2021-09-15,19.370001,19.469999,19.360001,19.459999,19.186024,4286800,19.190001,1.4069723081306826,ICICI
2021-09-16,19.74,19.959999,19.66,19.950001,19.669128,8199800,19.459999,2.517996018396509,ICICI
2021-09-17,19.74,19.790001,19.52,19.530001,19.255041,6404300,19.950001,-2.1052630523677753,ICICI
2021-09-20,19.17,19.26,19.01,19.190001,18.919828,3951600,19.530001,-1.7409113291904075,ICICI
2021-09-21,19.34,19.360001,19.18,19.23,18.959265,2286500,19.190001,0.2084366749121153,ICICI
2021-09-22,19.139999,19.33,19.129999,19.219999,18.949406,2857900,19.23,-0.052007280291206645,ICICI
2021-09-23,19.52,19.620001,19.459999,19.57,19.294476,2997400,19.219999,1.8210250687317873,ICICI
2021-09-24,19.57,19.68,19.52,19.540001,19.2649,2140500,19.57,-0.15329075114971952,ICICI
2021-09-27,19.73,19.940001,19.709999,19.85,19.570536,4122600,19.540001,1.5864840539158684,ICICI
2021-09-28,19.469999,19.540001,18.969999,18.98,18.712784,5272100,19.85,-4.382871536523934,ICICI
2021-09-29,19.0,19.219999,18.969999,19.209999,18.939545,4886200,18.98,1.2117966280295016,ICICI
2021-09-30,19.02,19.110001,18.860001,18.870001,18.604334,4973900,19.209999,-1.7699011853150088,ICICI
2021-10-01,18.870001,19.01,18.74,18.940001,18.673347,3135700,18.870001,0.370959174829934,ICICI
2021-10-04,18.950001,18.950001,18.620001,18.74,18.476162,5327700,18.940001,-1.055971433158849,ICICI
2021-10-05,18.799999,19.0,18.73,18.84,18.574755,9509600,18.74,0.5336179295624409,ICICI
2021-10-06,18.51,18.690001,18.34,18.690001,18.426867,4456300,18.84,-0.796173036093424,ICICI
2021-10-07,18.93,19.01,18.879999,18.9,18.633909,4548800,18.690001,1.123590095046008,ICICI
2021-10-08,18.879999,18.93,18.620001,18.620001,18.357853,2971200,18.9,-1.4814761904761913,ICICI
2021-10-11,18.940001,18.940001,18.74,18.77,18.505741,3997700,18.620001,0.8055799782180523,ICICI
2021-10-12,18.82,18.9,18.76,18.879999,18.614191,3070100,18.77,0.5860362280234521,ICICI
2021-10-13,18.92,18.969999,18.77,18.93,18.663488,2349300,18.879999,0.26483581911205706,ICICI
2021-10-14,19.389999,19.43,19.25,19.370001,19.097294,5310400,18.93,2.324358161648171,ICICI
2021-10-15,19.440001,19.5,19.360001,19.450001,19.176167,3751900,19.370001,0.41300978766083624,ICICI
2021-10-18,19.65,19.91,19.620001,19.9,19.619831,4083900,19.450001,2.3136194183229,ICICI
2021-10-19,19.99,20.1,19.860001,20.09,19.807158,3448800,19.9,0.9547738693467401,ICICI
2021-10-20,19.969999,20.08,19.889999,19.969999,19.688845,3269900,20.09,-0.597317073170724,ICICI
2021-10-21,20.17,20.33,20.0,20.09,19.807158,5959000,19.969999,0.6009063896297564,ICICI
2021-10-22,20.200001,20.280001,19.860001,19.9,19.619831,14136100,20.09,-0.9457441513190705,ICICI
2021-10-25,22.049999,22.139999,21.85,21.870001,21.562098,21584100,19.9,9.899502512562815,ICICI
2021-10-26,21.969999,21.98,21.68,21.700001,21.394489,14343800,21.870001,-0.7773204948641665,ICICI
2021-10-27,21.790001,21.879999,21.629999,21.719999,21.414207,22156700,21.700001,0.09215667778080319,ICICI
2021-10-28,21.219999,21.389999,21.08,21.290001,20.990261,9991700,21.719999,-1.9797330561571445,ICICI
2021-10-29,21.23,21.280001,20.99,21.15,20.852234,8012200,21.290001,-0.6575903871493551,ICICI
2021-11-01,21.33,21.370001,21.18,21.280001,20.980402,8252100,21.15,0.6146619385342791,ICICI
2021-11-02,21.120001,21.32,21.120001,21.18,20.881809,5850400,21.280001,-0.46992948919503763,ICICI
2021-11-03,20.950001,20.98,20.639999,20.700001,20.408569,11402700,21.18,-2.2662842304060407,ICICI
2021-11-04,20.719999,20.780001,20.549999,20.57,20.280397,9308600,20.700001,-0.6280241242500425,ICICI
2021-11-05,20.67,20.709999,20.549999,20.639999,20.349413,9364400,20.57,0.34029654837141105,ICICI
2021-11-08,20.91,21.09,20.870001,21.040001,20.743782,9858400,20.639999,1.9379942799415864,ICICI
2021-11-09,21.040001,21.129999,20.959999,21.110001,20.812798,5411900,21.040001,0.33269960395914566,ICICI
2021-11-10,20.85,20.93,20.690001,20.76,20.467724,5358100,21.110001,-1.6579866576036586,ICICI
2021-11-11,20.709999,20.719999,20.57,20.6,20.309977,2606700,20.76,-0.7707129094412337,ICICI
2021-11-12,20.700001,20.780001,20.6,20.66,20.369131,6758600,20.6,0.29126213592232386,ICICI
2021-11-15,20.690001,20.700001,20.51,20.52,20.231102,2149500,20.66,-0.6776379477250754,ICICI
2021-11-16,20.299999,20.4,20.209999,20.309999,20.024057,3323100,20.52,-1.023396686159836,ICICI
2021-11-17,20.309999,20.4,20.190001,20.379999,20.093071,3060600,20.309999,0.3446578210072796,ICICI
2021-11-18,20.32,20.549999,20.25,20.5,20.211384,3827000,20.379999,0.588817496997907,ICICI
2021-11-19,20.4,20.540001,20.389999,20.469999,20.181805,4639100,20.5,-0.14634634146340786,ICICI
2021-11-22,20.16,20.200001,19.290001,19.299999,19.028276,14247500,20.469999,-5.715681764322517,ICICI
2021-11-23,19.709999,19.809999,19.27,19.5,19.225462,28667600,19.299999,1.0362746650919532,ICICI
2021-11-24,19.9,19.92,19.530001,19.790001,19.511381,23226500,19.5,1.4871846153846162,ICICI
2021-11-26,19.0,19.030001,18.549999,18.82,18.555037,6967100,19.790001,-4.90147019194188,ICICI
2021-11-29,19.0,19.049999,18.799999,18.99,18.722643,9156200,18.82,0.9032943676939328,ICICI
2021-11-30,18.92,18.950001,18.42,18.459999,18.200104,16361100,18.99,-2.790947867298571,ICICI
2021-12-01,18.99,19.07,18.51,18.52,18.25926,38079300,18.459999,0.32503252031595314,ICICI
2021-12-02,18.780001,18.959999,18.65,18.690001,18.426867,24911900,18.52,0.9179319654427602,ICICI
2021-12-03,18.709999,18.809999,18.34,18.48,18.219822,10195200,18.690001,-1.1236007959550047,ICICI
2021-12-06,18.42,18.43,18.24,18.299999,18.042356,26899400,18.48,-0.9740313852813893,ICICI
2021-12-07,18.85,19.129999,18.809999,19.1,18.831095,23707800,18.299999,4.371590402819157,ICICI
2021-12-08,19.549999,19.98,19.549999,19.719999,19.442364,15681400,19.1,3.2460680628272245,ICICI
2021-12-09,19.610001,20.0,19.57,20.0,19.718424,16332300,19.719999,1.419883439142155,ICICI
2021-12-10,19.969999,20.049999,19.76,19.9,19.619831,9070800,20.0,-0.5000000000000071,ICICI
2021-12-13,19.75,19.790001,19.5,19.65,19.37335,7189500,19.9,-1.256281407035176,ICICI
2021-12-14,19.68,19.93,19.6,19.66,19.383209,8118000,19.65,0.050890585241738236,ICICI
2021-12-15,19.52,19.549999,19.059999,19.41,19.136728,10476400,19.66,-1.2716174974567651,ICICI
2021-12-16,19.309999,19.389999,19.139999,19.190001,18.919828,4969000,19.41,-1.1334312210200999,ICICI
2021-12-17,18.969999,18.99,18.690001,18.809999,18.545177,7897600,19.190001,-1.980208338707213,ICICI
2021-12-20,18.450001,18.530001,18.370001,18.440001,18.180386,5278100,18.809999,-1.9670282810754134,ICICI
2021-12-21,18.83,19.02,18.76,18.92,18.653629,5228500,18.440001,2.6030313122000535,ICICI
2021-12-22,19.25,19.4,19.17,19.370001,19.097294,4715800,18.92,2.3784408033826465,ICICI
2021-12-23,19.200001,19.4,19.200001,19.33,19.057856,2349300,19.370001,-0.20651005645276002,ICICI
2021-12-27,19.43,19.540001,19.360001,19.49,19.215603,4633400,19.33,0.8277289187791007,ICICI
2021-12-28,19.5,19.67,19.49,19.540001,19.2649,4276900,19.49,0.2565469471523948,ICICI
2021-12-29,19.5,19.549999,19.290001,19.43,19.156448,3192800,19.540001,-0.5629528882828637,ICICI
2021-12-30,19.5,19.719999,19.5,19.65,19.37335,3080000,19.43,1.1322696860524903,ICICI
2021-12-31,19.82,19.889999,19.75,19.790001,19.511381,2905600,19.65,0.7124732824427562,ICICI
2022-01-03,20.34,20.469999,20.27,20.35,20.063496,5106500,19.790001,2.8297067797015334,ICICI
2022-01-04,20.620001,20.639999,20.48,20.530001,20.240961,5842300,20.35,0.8845257985257846,ICICI
2022-01-05,20.950001,21.24,20.83,20.879999,20.586033,8925300,20.530001,1.7048123865167026,ICICI
2022-01-06,20.879999,21.200001,20.870001,21.15,20.852234,8427700,20.879999,1.2931082994783527,ICICI
2022-01-07,21.27,21.74,21.25,21.700001,21.394489,9931800,21.15,2.6004775413711667,ICICI
2022-01-10,21.92,21.93,21.52,21.84,21.532518,10465300,21.700001,0.6451566522969263,ICICI
2022-01-11,21.84,22.08,21.75,22.07,21.759281,8145100,21.84,1.0531135531135551,ICICI
2022-01-12,22.280001,22.309999,22.049999,22.219999,21.907167,9088400,22.07,0.6796511101042189,ICICI
2022-01-13,22.27,22.34,22.059999,22.1,21.788858,11190300,22.219999,-0.5400495292551541,ICICI
2022-01-14,21.870001,22.129999,21.83,22.110001,21.798719,5443400,22.1,0.04525339366515402,ICICI
2022-01-18,21.959999,22.08,21.780001,21.889999,21.581814,8420600,22.110001,-0.9950338762987886,ICICI
2022-01-19,21.68,21.76,21.360001,21.43,21.12829,7618200,21.889999,-2.1014116994706113,ICICI
2022-01-20,21.5,21.84,21.42,21.51,21.207165,6981300,21.43,0.37330844610360175,ICICI
2022-01-21,21.370001,21.469999,20.950001,21.030001,20.733923,11442700,21.51,-2.231515574151571,ICICI
2022-01-24,20.780001,21.110001,20.43,21.09,20.793077,14015300,21.030001,0.2853019360293956,ICICI
2022-01-25,21.24,21.26,20.82,20.940001,20.645189,13501100,21.09,-0.7112328117591328,ICICI
2022-01-26,21.120001,21.219999,20.690001,20.870001,20.576176,13924300,20.940001,-0.33428842720685775,ICICI
2022-01-27,21.07,21.299999,20.74,20.879999,20.586033,16188300,20.870001,0.047906082994452474,ICICI
2022-01-28,20.719999,21.030001,20.440001,21.02,20.724064,8689900,20.879999,0.6705029056754171,ICICI
2022-01-31,21.07,21.75,21.040001,21.73,21.424067,10349700,21.02,3.3777354900095187,ICICI
2022-02-01,21.77,21.93,21.610001,21.889999,21.581814,13035700,21.73,0.7363046479521358,ICICI
2022-02-02,21.809999,21.959999,21.75,21.889999,21.581814,6497200,21.889999,0.0,ICICI
2022-02-03,21.51,21.73,21.450001,21.469999,21.167727,6969700,21.889999,-1.918684418395808,ICICI
2022-02-04,21.43,21.620001,21.33,21.549999,21.246599,3980000,21.469999,0.3726129656549974,ICICI
2022-02-07,21.030001,21.25,21.030001,21.18,20.881809,8459300,21.549999,-1.7169327942892245,ICICI
2022-02-08,21.25,21.48,21.18,21.4,21.098713,9078000,21.18,1.0387157695939513,ICICI
2022-02-09,21.4,21.610001,21.4,21.48,21.177586,9004800,21.4,0.3738317757009432,ICICI
2022-02-10,21.209999,21.540001,20.98,21.0,20.704346,12991600,21.48,-2.2346368715083815,ICICI
2022-02-11,20.93,21.08,20.530001,20.67,20.37899,14054500,21.0,-1.5714285714285632,ICICI
2022-02-14,20.040001,20.18,19.540001,19.620001,19.343773,10397700,20.67,-5.079820996613464,ICICI
2022-02-15,20.360001,20.52,20.209999,20.459999,20.171946,10156200,19.620001,4.281335153856523,ICICI
2022-02-16,20.1,20.219999,20.0,20.17,19.88603,4651400,20.459999,-1.417394986187429,ICICI
2022-02-17,19.809999,19.85,19.65,19.719999,19.442364,8878200,20.17,-2.231041150223105,ICICI
2022-02-18,19.860001,20.120001,19.84,19.91,19.62969,5088100,19.719999,0.963493963666016,ICICI
2022-02-22,19.790001,20.16,19.790001,20.0,19.718424,11783700,19.91,0.45203415369161154,ICICI
2022-02-23,19.959999,20.0,19.57,19.629999,19.353632,10410000,20.0,-1.8500049999999924,ICICI
2022-02-24,18.49,19.309999,18.41,19.24,18.969124,11809700,19.629999,-1.9867499738538095,ICICI
2022-02-25,19.469999,19.76,19.469999,19.719999,19.442364,13985200,19.24,2.4947972972973127,ICICI
2022-02-28,19.52,19.610001,19.24,19.469999,19.195885,10083300,19.719999,-1.267748542989277,ICICI
2022-03-01,19.15,19.27,18.49,18.5,18.23954,20878300,19.469999,-4.982018745866404,ICICI
2022-03-02,18.620001,18.889999,18.51,18.85,18.584614,22131900,18.5,1.8918918918918997,ICICI
2022-03-03,18.42,18.549999,18.09,18.23,17.973343,10446100,18.85,-3.289124668435018,ICICI
2022-03-04,17.76,17.780001,17.299999,17.459999,17.214182,33877400,18.23,-4.2238123971475625,ICICI
2022-03-07,16.93,16.93,16.360001,16.389999,16.159248,30083300,17.459999,-6.1282935926857744,ICICI
2022-03-08,16.77,17.209999,16.66,16.799999,16.563475,23147200,16.389999,2.501525472942373,ICICI
2022-03-09,17.43,17.969999,17.35,17.9,17.647989,18530900,16.799999,6.547625389739601,ICICI
2022-03-10,17.540001,17.66,17.389999,17.66,17.411367,10838300,17.9,-1.3407821229050192,ICICI
2022-03-11,17.870001,18.0,17.6,17.610001,17.362072,12102200,17.66,-0.2831200453001114,ICICI
2022-03-14,18.110001,18.450001,18.01,18.1,17.845175,9781000,17.610001,2.78250410093674,ICICI
2022-03-15,18.23,18.389999,18.17,18.35,18.091654,14258100,18.1,1.3812154696132597,ICICI
2022-03-16,18.59,18.91,18.4,18.799999,18.535316,11041800,18.35,2.4523106267029875,ICICI
2022-03-17,18.77,18.879999,18.65,18.85,18.584614,4855800,18.799999,0.26596278010441243,ICICI
2022-03-18,18.719999,19.049999,18.66,18.98,18.712784,7551100,18.85,0.6896551724137878,ICICI
2022-03-21,18.73,18.84,18.58,18.67,18.407148,10499200,18.98,-1.6332982086406675,ICICI
2022-03-22,18.9,19.18,18.790001,18.969999,18.702925,8413600,18.67,1.6068505623995695,ICICI
2022-03-23,18.68,18.74,18.09,18.110001,17.855034,29886200,18.969999,-4.53346360218575,ICICI
2022-03-24,18.290001,18.290001,17.950001,18.26,18.002922,27617100,18.110001,0.8282661055623416,ICICI
2022-03-25,18.219999,18.440001,18.110001,18.190001,17.933907,14302800,18.26,-0.383346111719621,ICICI
2022-03-28,18.450001,18.610001,18.33,18.559999,18.298697,13444800,18.190001,2.0340735550262066,ICICI
2022-03-29,18.9,19.110001,18.76,18.9,18.633909,11487700,18.559999,1.8319020383567763,ICICI
2022-03-30,18.940001,19.040001,18.879999,19.01,18.742361,21934500,18.9,0.5820105820105979,ICICI
2022-03-31,18.9,19.110001,18.9,18.940001,18.673347,11262200,19.01,-0.36822198842715836,ICICI
2022-04-01,19.25,19.27,19.110001,19.219999,18.949406,8838500,18.940001,1.4783420549977935,ICICI
2022-04-04,19.549999,19.76,19.530001,19.719999,19.442364,9900000,19.219999,2.6014569511684154,ICICI
2022-04-05,19.440001,19.549999,19.32,19.41,19.136728,7429700,19.719999,-1.572003122312538,ICICI
2022-04-06,19.25,19.549999,19.23,19.48,19.205744,10811800,19.41,0.3606388459556944,ICICI
2022-04-07,19.6,19.690001,19.299999,19.49,19.215603,11370900,19.48,0.05133470225871669,ICICI
2022-04-08,19.6,20.030001,19.6,19.879999,19.600113,7808800,19.49,2.001021036428954,ICICI
2022-04-11,19.889999,20.0,19.77,19.799999,19.521238,7349700,19.879999,-0.40241450716371685,ICICI
2022-04-12,20.02,20.049999,19.67,19.700001,19.422647,9894900,19.799999,-0.5050404295474933,ICICI
2022-04-13,19.709999,19.83,19.6,19.719999,19.442364,8742900,19.700001,0.10151268520240721,ICICI
2022-04-14,19.709999,19.780001,19.6,19.690001,19.412788,4984800,19.719999,-0.15211968317038269,ICICI
2022-04-18,19.6,19.639999,19.469999,19.549999,19.274757,7829600,19.690001,-0.7110309440817147,ICICI
2022-04-19,19.629999,19.99,19.610001,19.950001,19.669128,13332500,19.549999,2.0460461404627215,ICICI
2022-04-20,19.83,19.9,19.65,19.709999,19.432505,8377600,19.950001,-1.2030174835580232,ICICI
2022-04-21,19.950001,20.01,19.459999,19.639999,19.363491,9496000,19.709999,-0.35514968823692117,ICICI
2022-04-22,19.389999,19.530001,18.809999,18.870001,18.604334,9006600,19.639999,-3.9205602810875964,ICICI
2022-04-25,19.33,19.49,18.82,19.43,19.156448,19202400,18.870001,2.967668099222683,ICICI
2022-04-26,19.25,19.370001,19.1,19.1,18.831095,18856300,19.43,-1.6984045290787355,ICICI
2022-04-27,18.91,19.27,18.809999,19.120001,18.850815,16540000,19.1,0.10471727748689554,ICICI
2022-04-28,19.309999,19.6,19.129999,19.52,19.24518,13989300,19.120001,2.092044869662931,ICICI
2022-04-29,19.299999,19.48,19.0,19.040001,18.77194,13255900,19.52,-2.4590112704918003,ICICI
2022-05-02,19.190001,19.25,18.9,19.190001,18.919828,7946100,19.040001,0.78781508467357,ICICI
2022-05-03,19.219999,19.4,19.18,19.370001,19.097294,3481000,19.190001,0.9379884868166486,ICICI
2022-05-04,18.959999,19.450001,18.77,19.379999,19.107151,9194600,19.370001,0.051615898212927606,ICICI
2022-05-05,19.1,19.17,18.639999,18.85,18.584614,7711800,19.379999,-2.734773102929469,ICICI
2022-05-06,18.6,18.65,18.360001,18.51,18.249401,6272800,18.85,-1.8037135278514578,ICICI
2022-05-09,18.24,18.35,17.93,17.98,17.726862,11377200,18.51,-2.8633171258779098,ICICI
2022-05-10,18.23,18.450001,18.1,18.360001,18.101513,10831100,17.98,2.1134649610678533,ICICI
2022-05-11,18.309999,18.629999,18.16,18.18,17.924047,7352700,18.360001,-0.9803975500872834,ICICI
2022-05-12,17.92,18.08,17.6,17.879999,17.628269,11501000,18.18,-1.6501705170516954,ICICI
2022-05-13,17.43,17.85,17.43,17.67,17.421227,8530600,17.879999,-1.1744911171415602,ICICI
2022-05-16,17.629999,17.780001,17.6,17.709999,17.460663,8355300,17.67,0.22636672325975163,ICICI
2022-05-17,18.280001,18.52,18.27,18.469999,18.209963,7460300,17.709999,4.29136105541283,ICICI
2022-05-18,18.26,18.27,17.790001,17.870001,17.618412,6776800,18.469999,-3.2485004465891034,ICICI
2022-05-19,17.74,17.99,17.67,17.809999,17.559256,8383300,17.870001,-0.33576942720930586,ICICI
2022-05-20,18.200001,18.27,17.83,18.1,17.845175,5330600,17.809999,1.6283044148402264,ICICI
2022-05-23,18.309999,18.52,18.209999,18.450001,18.190245,4274500,18.1,1.9337071823204357,ICICI
2022-05-24,18.299999,18.4,18.16,18.33,18.071936,5282500,18.450001,-0.6504118888665753,ICICI
2022-05-25,18.309999,18.719999,18.309999,18.610001,18.347994,10357200,18.33,1.5275559192580588,ICICI
2022-05-26,18.83,19.120001,18.73,18.99,18.722643,10342700,18.610001,2.041907466850743,ICICI
2022-05-27,19.09,19.379999,19.09,19.360001,19.087433,6871200,18.99,1.9483991574513009,ICICI
2022-05-31,19.24,19.33,19.040001,19.25,18.978983,6606400,19.360001,-0.568186954122577,ICICI
2022-06-01,19.450001,19.48,19.200001,19.35,19.077574,11709200,19.25,0.5194805194805269,ICICI
2022-06-02,19.32,19.549999,19.200001,19.549999,19.274757,6352000,19.35,1.0335865633074846,ICICI
2022-06-03,19.200001,19.290001,18.99,19.07,18.801517,6702500,19.549999,-2.4552379772500212,ICICI
2022-06-06,19.27,19.33,18.950001,18.969999,18.702925,6667600,19.07,-0.5243890928159355,ICICI
2022-06-07,18.73,19.0,18.73,18.98,18.712784,4492100,18.969999,0.05272008712282504,ICICI
2022-06-08,18.77,18.83,18.629999,18.709999,18.446585,5498000,18.98,-1.422555321390941,ICICI
2022-06-09,18.700001,18.75,18.450001,18.450001,18.190245,4917500,18.709999,-1.3896205980556147,ICICI
2022-06-10,18.16,18.200001,17.85,17.9,17.647989,7169400,18.450001,-2.9810350687785965,ICICI
2022-06-13,17.299999,17.469999,17.110001,17.219999,16.977562,6447500,17.9,-3.7988882681564093,ICICI
2022-06-14,17.299999,17.52,17.26,17.440001,17.194466,5663700,17.219999,1.2775958930078761,ICICI
2022-06-15,17.57,17.9,17.52,17.76,17.50996,8045900,17.440001,1.8348565461664987,ICICI
2022-06-16,17.280001,17.34,17.07,17.110001,16.869112,10413700,17.76,-3.659904279279285,ICICI
2022-06-17,17.42,17.540001,17.27,17.41,17.164888,18873900,17.110001,1.7533546608208828,ICICI
2022-06-21,17.73,18.1,17.66,18.01,17.756441,7136100,17.41,3.4462952326249368,ICICI
2022-06-22,17.58,17.85,17.530001,17.629999,17.381788,7547400,18.01,-2.109944475291505,ICICI
2022-06-23,17.870001,17.99,17.76,17.9,17.647989,7722100,17.629999,1.5314861901012986,ICICI
2022-06-24,18.16,18.440001,18.15,18.370001,18.111372,4029600,17.9,2.625703910614525,ICICI
2022-06-27,18.34,18.379999,18.1,18.110001,17.855034,4907700,18.370001,-1.4153510389030355,ICICI
2022-06-28,18.049999,18.120001,17.73,17.74,17.49024,3935600,18.110001,-2.043075535998049,ICICI
2022-06-29,17.690001,17.799999,17.629999,17.75,17.500101,6719700,17.74,0.05636978579482279,ICICI
2022-06-30,17.690001,17.879999,17.57,17.74,17.49024,9060700,17.75,-0.05633802816902289,ICICI
2022-07-01,17.639999,18.0,17.610001,17.940001,17.687426,9498900,17.74,1.127401352874861,ICICI
2022-07-05,17.940001,18.280001,17.870001,18.26,18.002922,9472400,17.940001,1.7837178492911054,ICICI
2022-07-06,18.280001,18.57,18.25,18.48,18.219822,9648900,18.26,1.2048192771084274,ICICI
2022-07-07,18.73,19.07,18.709999,19.049999,18.781797,11353700,18.48,3.084410173160169,ICICI
2022-07-08,19.110001,19.299999,19.1,19.25,18.978983,9318900,19.049999,1.0498740708595329,ICICI
2022-07-11,19.389999,19.43,19.16,19.190001,18.919828,9154000,19.25,-0.3116831168831234,ICICI
2022-07-12,19.030001,19.18,18.92,18.940001,18.673347,7127900,19.190001,-1.3027617872453472,ICICI
2022-07-13,18.629999,18.82,18.58,18.74,18.476162,6860200,18.940001,-1.055971433158849,ICICI
2022-07-14,18.549999,18.950001,18.469999,18.889999,18.62405,8856000,18.74,0.8004215581643603,ICICI
2022-07-15,19.040001,19.110001,18.83,19.0,18.732502,4907300,18.889999,0.5823240117694048,ICICI
2022-07-18,19.23,19.35,19.059999,19.120001,18.850815,4847000,19.0,0.6315842105263078,ICICI
2022-07-19,19.51,19.709999,19.51,19.67,19.393068,5561200,19.120001,2.8765636570835076,ICICI
2022-07-20,19.48,19.610001,19.389999,19.559999,19.284616,6184000,19.67,-0.5592323335027984,ICICI
2022-07-21,19.65,19.809999,19.559999,19.809999,19.531097,4675100,19.559999,1.2781186747504434,ICICI
2022-07-22,19.950001,20.08,19.860001,20.08,19.797298,5565900,19.809999,1.3629531228143779,ICICI
2022-07-25,20.08,20.120001,20.0,20.08,19.797298,6782400,20.08,0.0,ICICI
2022-07-26,19.99,20.02,19.82,19.870001,19.590254,7279600,20.08,-1.045811752988047,ICICI
2022-07-27,20.01,20.309999,20.01,20.200001,19.915609,9622100,19.870001,1.6607950850128383,ICICI
2022-07-28,20.309999,20.65,20.290001,20.639999,20.349413,3827400,20.200001,2.178207812960005,ICICI
2022-07-29,20.629999,20.83,20.58,20.780001,20.487442,9526300,20.639999,0.6783042964294672,ICICI
2022-08-01,20.83,20.860001,20.66,20.73,20.438145,5603400,20.780001,-0.24062077764095482,ICICI
2022-08-02,20.700001,20.83,20.66,20.68,20.388849,4330300,20.73,-0.24119633381572944,ICICI
2022-08-03,20.790001,21.049999,20.73,21.01,20.714205,3849100,20.68,1.5957446808510727,ICICI
2022-08-04,20.700001,20.84,20.629999,20.790001,20.497303,5186800,21.01,-1.0471156592099067,ICICI
2022-08-05,20.940001,21.290001,20.91,21.209999,20.911386,8258700,20.790001,2.0201923030210516,ICICI
2022-08-08,21.26,21.4,21.15,21.27,20.970543,8377200,21.209999,0.28289015949505586,ICICI
2022-08-09,21.17,21.4,21.139999,21.309999,21.13518,8367000,21.27,0.18805359661495852,ICICI
2022-08-10,21.719999,22.110001,21.629999,22.040001,21.859194,9470700,21.309999,3.42563131983253,ICICI
2022-08-11,21.959999,22.040001,21.66,21.889999,21.710423,16272700,22.040001,-0.6805898057808647,ICICI
2022-08-12,22.18,22.35,22.15,22.35,22.166649,7859200,21.889999,2.101420836063089,ICICI
2022-08-15,22.370001,22.639999,22.309999,22.5,22.315418,8586400,22.35,0.671140939597309,ICICI
2022-08-16,22.4,22.469999,22.299999,22.35,22.166649,10727600,22.5,-0.6666666666666604,ICICI
2022-08-17,22.26,22.49,22.24,22.32,22.136894,8385200,22.35,-0.13422818791946817,ICICI
2022-08-18,22.360001,22.41,22.25,22.309999,22.126976,4754100,22.32,-0.044807347670246585,ICICI
2022-08-19,21.940001,22.01,21.719999,21.84,21.660833,5448500,22.309999,-2.1066742315855835,ICICI
2022-08-22,21.43,21.51,21.35,21.360001,21.184771,7393800,21.84,-2.1977976190476163,ICICI
2022-08-23,21.73,21.91,21.690001,21.690001,21.512064,6697300,21.360001,1.5449437478958838,ICICI
2022-08-24,21.91,21.98,21.85,21.93,21.750095,5326500,21.690001,1.1064960301292792,ICICI
2022-08-25,21.75,21.93,21.68,21.92,21.740177,3793700,21.93,-0.04559963520290931,ICICI
2022-08-26,21.950001,22.0,21.41,21.43,21.254196,5723900,21.92,-2.2354014598540237,ICICI
2022-08-29,21.35,21.629999,21.34,21.469999,21.293867,4286200,21.43,0.18664955669622807,ICICI
2022-08-30,22.26,22.33,21.889999,21.940001,21.760014,8332400,21.469999,2.1891104885472856,ICICI
2022-08-31,21.940001,22.049999,21.83,21.84,21.660833,3576800,21.940001,-0.4557930512400565,ICICI
2022-09-01,21.84,21.969999,21.76,21.950001,21.769932,7610700,21.84,0.5036675824175846,ICICI
2022-09-02,21.92,22.190001,21.83,21.84,21.660833,4584700,21.950001,-0.501143485141529,ICICI
2022-09-06,22.030001,22.16,21.98,22.139999,21.95837,6042600,21.84,1.3736217948717935,ICICI
2022-09-07,21.950001,22.43,21.93,22.379999,22.196402,7592600,22.139999,1.0840108890700582,ICICI
2022-09-08,22.65,23.08,22.610001,23.0,22.811317,9841500,22.379999,2.7703352444296283,ICICI
2022-09-09,22.84,23.1,22.83,23.0,22.811317,8200900,23.0,0.0,ICICI
2022-09-12,23.1,23.25,22.98,23.16,22.970003,9049700,23.0,0.6956521739130441,ICICI
2022-09-13,22.790001,22.98,22.67,22.799999,22.612957,17902500,23.16,-1.554408462867014,ICICI
2022-09-14,23.16,23.49,23.139999,23.379999,23.188198,13501700,22.799999,2.5438597606956117,ICICI
2022-09-15,23.18,23.280001,23.040001,23.17,22.979921,12647500,23.379999,-0.8981993540718278,ICICI
2022-09-16,23.040001,23.040001,22.57,22.73,22.543531,10297600,23.17,-1.8990073370738079,ICICI
2022-09-19,22.530001,22.940001,22.530001,22.9,22.712137,7146900,22.73,0.7479102507698995,ICICI
2022-09-20,23.07,23.15,22.870001,22.98,22.791481,5987500,22.9,0.34934497816594695,ICICI
2022-09-21,22.950001,23.0,22.549999,22.559999,22.374926,6497600,22.98,-1.8276805918189694,ICICI
2022-09-22,22.389999,22.530001,22.190001,22.27,22.087305,5884500,22.559999,-1.2854566172631552,ICICI
2022-09-23,21.74,21.790001,21.379999,21.49,21.313704,6657600,22.27,-3.5024696901661483,ICICI
2022-09-26,21.120001,21.290001,20.969999,21.059999,20.887232,7366500,21.49,-2.0009353187528953,ICICI
2022-09-27,21.09,21.23,20.709999,20.809999,20.639282,7277700,21.059999,-1.1870845767846427,ICICI
2022-09-28,20.790001,21.209999,20.66,21.07,20.89715,7709100,20.809999,1.2494041926671837,ICICI
2022-09-29,20.629999,20.780001,20.51,20.709999,20.540102,5297900,21.07,-1.7085951589938322,ICICI
2022-09-30,21.139999,21.280001,20.969999,20.969999,20.79797,5163800,20.709999,1.2554322189972176,ICICI
2022-10-03,20.799999,21.18,20.66,21.059999,20.887232,6748600,20.969999,0.42918456982282094,ICICI
2022-10-04,21.459999,21.76,21.389999,21.690001,21.512064,7042300,21.059999,2.991462630173902,ICICI
2022-10-05,21.48,21.719999,21.42,21.65,21.472391,3899200,21.690001,-0.18442138384410484,ICICI
2022-10-06,21.58,21.68,21.4,21.41,21.23436,5332700,21.65,-1.1085450346420251,ICICI
2022-10-07,21.35,21.35,21.030001,21.07,20.89715,5205000,21.41,-1.5880429705744972,ICICI
2022-10-10,21.440001,21.450001,21.190001,21.24,21.065754,5873900,21.07,0.8068343616516286,ICICI
2022-10-11,21.02,21.34,20.93,21.0,20.827724,9952200,21.24,-1.1299435028248515,ICICI
2022-10-12,21.0,21.040001,20.870001,20.870001,20.698792,12070800,21.0,-0.6190428571428644,ICICI
2022-10-13,20.370001,21.370001,20.32,21.280001,21.105427,7541300,20.870001,1.9645423112341978,ICICI
2022-10-14,21.290001,21.42,20.959999,20.99,20.817806,8111600,21.280001,-1.3627865900946161,ICICI
2022-10-17,21.49,21.9,21.49,21.809999,21.631079,9069900,20.99,3.906617436874716,ICICI
2022-10-18,22.040001,22.15,21.719999,21.889999,21.710423,14871500,21.809999,0.3668042350666696,ICICI
2022-10-19,21.629999,21.76,21.440001,21.57,21.393047,7182700,21.889999,-1.4618502266720033,ICICI
2022-10-20,21.639999,21.74,21.27,21.32,21.145098,7354900,21.57,-1.1590171534538711,ICICI
2022-10-21,21.75,22.030001,21.700001,22.01,21.829439,8886200,21.32,3.2363977485928763,ICICI
2022-10-24,22.190001,23.02,22.120001,22.83,22.642712,12688000,22.01,3.7255792821444644,ICICI
2022-10-25,22.6,22.85,22.6,22.790001,22.603041,11897900,22.83,-0.17520367936924275,ICICI
2022-10-26,22.74,22.950001,22.74,22.870001,22.682384,12689300,22.790001,0.35103113861205315,ICICI
2022-10-27,22.67,22.77,22.459999,22.5,22.315418,5974700,22.870001,-1.6178442668192208,ICICI
2022-10-28,22.290001,22.370001,22.219999,22.34,22.156731,4971900,22.5,-0.7111111111111118,ICICI
2022-10-31,22.139999,22.209999,21.98,22.040001,21.859194,7748200,22.34,-1.342878245299909,ICICI
2022-11-01,22.18,22.280001,22.02,22.040001,21.859194,4911500,22.040001,0.0,ICICI
2022-11-02,21.92,22.23,21.879999,21.879999,21.700504,10697900,22.040001,-0.7259618545389297,ICICI
2022-11-03,21.99,22.209999,21.940001,22.1,21.918701,7828300,21.879999,1.0054890770333211,ICICI
2022-11-04,22.41,22.459999,22.219999,22.440001,22.255911,8364600,22.1,1.5384660633484042,ICICI
2022-11-07,22.690001,22.76,22.610001,22.610001,22.424517,6990800,22.440001,0.7575757238157063,ICICI
2022-11-08,22.690001,22.99,22.67,22.93,22.741892,5313500,22.610001,1.4152984778726867,ICICI
2022-11-09,22.57,22.690001,22.549999,22.620001,22.434435,14297500,22.93,-1.35193632795465,ICICI
2022-11-10,22.959999,23.370001,22.92,23.309999,23.118773,8438300,22.620001,3.050388901397497,ICICI
2022-11-11,22.790001,22.809999,22.459999,22.719999,22.533613,14072900,23.309999,-2.5311026396869423,ICICI
2022-11-14,22.26,22.559999,22.219999,22.450001,22.265829,14447300,22.719999,-1.1883715311783292,ICICI
2022-11-15,22.98,23.17,22.879999,23.049999,22.860907,13062900,22.450001,2.6725967629132814,ICICI
2022-11-16,22.790001,22.860001,22.67,22.76,22.573286,11848200,23.049999,-1.258130206426465,ICICI
2022-11-17,22.700001,22.77,22.610001,22.75,22.563368,9054400,22.76,-0.04393673110721249,ICICI
2022-11-18,22.860001,22.889999,22.67,22.73,22.543531,8501500,22.75,-0.08791208791208603,ICICI
2022-11-21,22.74,22.77,22.629999,22.76,22.573286,10499900,22.73,0.13198416190057694,ICICI
2022-11-22,22.82,22.9,22.74,22.860001,22.672466,5835700,22.76,0.4393717047451621,ICICI
2022-11-23,22.93,23.02,22.860001,22.969999,22.781563,8014600,22.860001,0.4811810813131676,ICICI
2022-11-25,22.98,23.059999,22.959999,23.0,22.811317,4623800,22.969999,0.1306094963260495,ICICI
2022-11-28,23.120001,23.280001,23.049999,23.17,22.979921,9557700,23.0,0.7391304347826161,ICICI
2022-11-29,23.33,23.59,23.299999,23.48,23.287378,7486400,23.17,1.3379369874838096,ICICI
2022-11-30,23.6,23.75,23.33,23.719999,23.52541,8627200,23.48,1.0221422487223208,ICICI
2022-12-01,23.450001,23.49,23.049999,23.200001,23.009676,9108000,23.719999,-2.19223449377043,ICICI
2022-12-02,22.91,23.219999,22.75,23.200001,23.009676,7031000,23.200001,0.0,ICICI
2022-12-05,23.07,23.129999,22.790001,22.860001,22.672466,8744100,23.200001,-1.465517178210466,ICICI
2022-12-06,22.639999,22.65,22.450001,22.57,22.384844,11523900,22.860001,-1.268595745030808,ICICI
2022-12-07,22.58,22.91,22.559999,22.690001,22.50386,7902300,22.57,0.531683650863972,ICICI
2022-12-08,22.889999,23.040001,22.82,22.85,22.662548,8900900,22.690001,0.7051520182833076,ICICI
2022-12-09,22.73,22.93,22.629999,22.719999,22.533613,8672300,22.85,-0.5689321663019694,ICICI
2022-12-12,22.76,22.85,22.540001,22.809999,22.622875,6606300,22.719999,0.3961267779985371,ICICI
2022-12-13,23.049999,23.049999,22.6,22.67,22.484024,4945700,22.809999,-0.6137615350180399,ICICI
2022-12-14,22.469999,22.5,22.129999,22.26,22.077387,7961200,22.67,-1.8085575650639618,ICICI
2022-12-15,21.9,21.940001,21.67,21.809999,21.631079,6303100,22.26,-2.0215678346810435,ICICI
2022-12-16,21.83,22.1,21.74,21.889999,21.710423,6710500,21.809999,0.3668042350666696,ICICI
2022-12-19,21.93,22.08,21.91,21.969999,21.789766,4698800,21.889999,0.3654636987420687,ICICI
2022-12-20,22.02,22.209999,22.0,22.190001,22.007961,5024900,21.969999,1.001374647308802,ICICI
2022-12-21,21.65,22.01,21.65,21.969999,21.789766,8067600,22.190001,-0.9914465528865789,ICICI
2022-12-22,21.700001,21.74,21.5,21.700001,21.521982,8497900,21.969999,-1.2289395188411298,ICICI
2022-12-23,21.43,21.57,21.34,21.559999,21.383129,6963600,21.700001,-0.6451704771810798,ICICI
2022-12-27,21.809999,21.93,21.790001,21.889999,21.710423,5737900,21.559999,1.5306123158911011,ICICI
2022-12-28,21.889999,21.940001,21.790001,21.84,21.660833,6197400,21.889999,-0.22841024341755195,ICICI
2022-12-29,21.99,22.110001,21.959999,22.1,21.918701,4212500,21.84,1.1904761904761978,ICICI
2022-12-30,21.74,21.92,21.74,21.889999,21.710423,6125400,22.1,-0.9502307692307776,ICICI
2023-01-03,22.1,22.139999,21.84,21.940001,21.760014,6394500,21.889999,0.22842394830625262,ICICI
2023-01-04,21.98,22.01,21.809999,21.950001,21.769932,7385100,21.940001,0.04557884933551992,ICICI
2023-01-05,21.48,21.58,21.08,21.200001,21.026083,11225700,21.950001,-3.416856336361898,ICICI
2023-01-06,21.15,21.34,20.889999,21.27,21.095509,9134100,21.200001,0.33018394668943296,ICICI
2023-01-09,21.290001,21.440001,21.209999,21.360001,21.184771,6995100,21.27,0.4231358721203615,ICICI
2023-01-10,21.24,21.32,21.08,21.25,21.075672,7955800,21.360001,-0.5149859309463537,ICICI
2023-01-11,21.35,21.52,21.280001,21.450001,21.274033,7324900,21.25,0.9411811764705896,ICICI
2023-01-12,21.4,21.440001,21.200001,21.389999,21.214523,4398700,21.450001,-0.27972959068860076,ICICI
2023-01-13,21.440001,21.719999,21.43,21.67,21.492228,6172700,21.389999,1.3090276441808257,ICICI
2023-01-17,21.43,21.43,21.07,21.1,20.926905,9126000,21.67,-2.6303645592985707,ICICI
2023-01-18,21.299999,21.379999,21.190001,21.23,21.055836,9779200,21.1,0.6161137440758246,ICICI
2023-01-19,21.25,21.450001,21.200001,21.389999,21.214523,5370400,21.23,0.7536457842675417,ICICI
2023-01-20,21.440001,21.620001,21.43,21.52,21.343458,8004400,21.389999,0.6077653393064677,ICICI
2023-01-23,21.51,21.790001,21.450001,21.77,21.591408,6264600,21.52,1.1617100371747213,ICICI
2023-01-24,21.57,21.76,21.49,21.629999,21.452555,10152800,21.77,-0.6430914101975106,ICICI
2023-01-25,21.209999,21.280001,20.629999,20.68,20.510349,13381100,21.629999,-4.392043661213307,ICICI
2023-01-26,20.82,20.91,20.58,20.860001,20.688873,15230100,20.68,0.8704110251450714,ICICI
2023-01-27,20.32,20.360001,19.92,20.110001,19.945026,13253900,20.860001,-3.5953977183414323,ICICI
2023-01-30,20.299999,20.360001,20.18,20.24,20.073957,8034000,20.110001,0.6464395501521755,ICICI
2023-01-31,20.49,20.860001,20.450001,20.83,20.659119,16447600,20.24,2.915019762845849,ICICI
2023-02-01,20.76,20.879999,20.030001,20.129999,19.964861,19470000,20.83,-3.3605424867978724,ICICI
2023-02-02,20.73,20.940001,20.49,20.93,20.758299,13965800,20.129999,3.9741730737294034,ICICI
2023-02-03,20.799999,21.040001,20.68,20.809999,20.639282,6508600,20.93,-0.5733444816053439,ICICI
2023-02-06,20.610001,20.709999,20.5,20.639999,20.470676,7145400,20.809999,-0.8169149839940006,ICICI
2023-02-07,20.48,20.73,20.43,20.719999,20.55002,5317600,20.639999,0.3875969180037356,ICICI
2023-02-08,20.809999,20.92,20.690001,20.84,20.669037,4104900,20.719999,0.5791554333569151,ICICI
2023-02-09,20.940001,20.99,20.620001,20.700001,20.530186,3715100,20.84,-0.6717802303262934,ICICI
2023-02-10,20.58,20.66,20.450001,20.58,20.411169,3777300,20.700001,-0.5797149478398673,ICICI
2023-02-13,20.52,20.68,20.48,20.67,20.500431,5246800,20.58,0.43731778425657636,ICICI
2023-02-14,20.870001,21.030001,20.73,20.889999,20.718626,6306100,20.67,1.064339622641499,ICICI
2023-02-15,20.950001,20.99,20.76,20.98,20.807888,8710200,20.889999,0.43083295504227115,ICICI
2023-02-16,20.76,20.950001,20.75,20.870001,20.698792,6785400,20.98,-0.5243040991420493,ICICI
2023-02-17,20.790001,20.83,20.719999,20.809999,20.639282,6571200,20.870001,-0.2875035798991923,ICICI
2023-02-21,20.559999,20.639999,20.52,20.559999,20.391333,6175400,20.809999,-1.2013455646970477,ICICI
2023-02-22,20.299999,20.370001,20.18,20.27,20.103712,6165600,20.559999,-1.4105010413667902,ICICI
2023-02-23,20.469999,20.5,20.35,20.389999,20.222727,4395400,20.27,0.592002960039467,ICICI
2023-02-24,20.25,20.34,20.139999,20.299999,20.133465,6899600,20.389999,-0.44139286127478405,ICICI
2023-02-27,20.809999,20.82,20.51,20.530001,20.36158,3292100,20.299999,1.1330148341386566,ICICI
2023-02-28,20.57,20.75,20.52,20.68,20.510349,5122500,20.530001,0.7306331840899624,ICICI
2023-03-01,20.709999,20.75,20.530001,20.66,20.490513,3506200,20.68,-0.09671179883945635,ICICI
2023-03-02,20.58,20.82,20.559999,20.799999,20.629364,3592100,20.66,0.6776331074540152,ICICI
2023-03-03,21.190001,21.290001,21.0,21.23,21.055836,4810500,20.799999,2.0673125993900325,ICICI
2023-03-06,21.26,21.290001,21.17,21.26,21.08559,2823200,21.23,0.14130946773434355,ICICI
2023-03-07,21.33,21.33,21.030001,21.129999,20.956657,2517400,21.26,-0.6114816556914394,ICICI
2023-03-08,21.290001,21.290001,21.09,21.190001,21.016165,3709600,21.129999,0.28396593866377945,ICICI
2023-03-09,20.799999,20.870001,20.469999,20.540001,20.371498,6771400,21.190001,-3.067484517815731,ICICI
2023-03-10,20.43,20.559999,20.120001,20.34,20.173138,7139700,20.540001,-0.9737146556127252,ICICI
2023-03-13,19.959999,20.18,19.77,20.01,19.845846,6326100,20.34,-1.6224188790560388,ICICI
2023-03-14,20.34,20.49,20.280001,20.42,20.252481,7439400,20.01,2.048975512243879,ICICI
2023-03-15,19.629999,19.83,19.34,19.799999,19.637568,18308100,20.42,-3.0362438785504504,ICICI
2023-03-16,19.809999,20.190001,19.68,20.15,19.984697,6488300,19.799999,1.7676819074586767,ICICI
2023-03-17,20.09,20.219999,20.02,20.1,19.935108,5735900,20.15,-0.24813895781636308,ICICI
2023-03-20,20.25,20.43,20.200001,20.4,20.232645,4548500,20.1,1.4925373134328215,ICICI
2023-03-21,20.75,20.879999,20.719999,20.77,20.599611,5638100,20.4,1.8137254901960835,ICICI
2023-03-22,20.809999,20.950001,20.610001,20.629999,20.460758,3639400,20.77,-0.674053923928734,ICICI
2023-03-23,20.719999,21.030001,20.68,20.76,20.589693,4358400,20.629999,0.6301551444573508,ICICI
2023-03-24,20.690001,20.74,20.4,20.74,20.569857,4440200,20.76,-0.09633911368016919,ICICI
2023-03-27,20.610001,20.950001,20.540001,20.799999,20.629364,5914100,20.74,0.289291224686602,ICICI
2023-03-28,20.93,21.030001,20.790001,21.01,20.837643,7139100,20.799999,1.009620240847136,ICICI
2023-03-29,20.91,21.08,20.860001,21.049999,20.877314,6785800,21.01,0.19038077106139037,ICICI
2023-03-30,21.16,21.200001,21.01,21.02,20.847561,5646100,21.049999,-0.14251307090323428,ICICI
2023-03-31,21.450001,21.700001,21.4,21.58,21.402966,4659200,21.02,2.6641294005708787,ICICI
2023-04-03,21.690001,21.709999,21.469999,21.629999,21.452555,4161900,21.58,0.2316913809082634,ICICI
2023-04-04,21.709999,21.75,21.540001,21.59,21.412884,5472400,21.629999,-0.18492372560905654,ICICI
2023-04-05,21.610001,21.73,21.549999,21.66,21.482309,2574500,21.59,0.32422417786012175,ICICI
2023-04-06,21.49,21.700001,21.42,21.700001,21.521982,3666900,21.66,0.18467682363804327,ICICI
2023-04-10,21.33,21.4,21.219999,21.370001,21.194689,3524400,21.700001,-1.5207372571088906,ICICI
2023-04-11,21.639999,21.719999,21.549999,21.66,21.482309,5216500,21.370001,1.3570378401011853,ICICI
2023-04-12,21.879999,21.959999,21.74,21.76,21.58149,6486000,21.66,0.46168051708218566,ICICI
2023-04-13,21.99,22.219999,21.93,22.209999,22.027796,3729400,21.76,2.0680101102941095,ICICI
2023-04-14,22.129999,22.43,22.09,22.24,22.05755,5605100,22.209999,0.13507879941821976,ICICI
2023-04-17,22.030001,22.15,21.91,22.15,21.968288,4510200,22.24,-0.4046762589928051,ICICI
2023-04-18,22.07,22.110001,21.889999,21.950001,21.769932,3858500,22.15,-0.9029300225733555,ICICI
2023-04-19,21.870001,21.889999,21.790001,21.83,21.650915,2610100,21.950001,-0.5467015696263614,ICICI
2023-04-20,21.879999,21.99,21.84,21.879999,21.700504,3299500,21.83,0.2290380210719342,ICICI
2023-04-21,21.74,22.02,21.719999,21.99,21.809603,3113200,21.879999,0.5027468237087073,ICICI
2023-04-24,22.18,22.440001,22.09,22.34,22.156731,8734900,21.99,1.5916325602546677,ICICI
2023-04-25,22.43,22.440001,22.059999,22.27,22.087305,6992100,22.34,-0.31333930170098606,ICICI
2023-04-26,22.389999,22.57,22.209999,22.280001,22.097223,5015900,22.27,0.04490794791198491,ICICI
2023-04-27,22.469999,22.610001,22.43,22.559999,22.374926,4314200,22.280001,1.256723462445099,ICICI
2023-04-28,22.540001,22.75,22.49,22.75,22.563368,3273400,22.559999,0.8422030515160871,ICICI
2023-05-01,22.73,22.83,22.67,22.719999,22.533613,2856300,22.75,-0.13187252747252137,ICICI
2023-05-02,22.68,22.68,22.35,22.469999,22.285664,3102900,22.719999,-1.1003521611070493,ICICI
2023-05-03,22.530001,22.74,22.459999,22.540001,22.355091,2735300,22.469999,0.31153539437184125,ICICI
2023-05-04,22.530001,22.629999,22.370001,22.450001,22.265829,4086300,22.540001,-0.39929013312821,ICICI
2023-05-05,22.75,23.01,22.59,22.950001,22.761728,7445400,22.450001,2.2271713929990473,ICICI
2023-05-08,23.18,23.18,23.0,23.07,22.880741,3502800,22.950001,0.5228714369119198,ICICI
2023-05-09,22.940001,22.940001,22.82,22.889999,22.702219,6565500,23.07,-0.7802384048547929,ICICI
2023-05-10,23.059999,23.059999,22.879999,23.01,22.821236,4357800,22.889999,0.5242507874290515,ICICI
2023-05-11,22.879999,23.030001,22.84,22.950001,22.761728,4813300,23.01,-0.26075184702303883,ICICI
2023-05-12,23.120001,23.120001,22.860001,22.98,22.791481,2131700,22.950001,0.13071459125426665,ICICI
2023-05-15,22.93,23.139999,22.93,23.08,22.890659,3152200,22.98,0.43516100957353293,ICICI
2023-05-16,22.969999,23.1,22.92,23.030001,22.841072,3154500,23.08,-0.21663344887348218,ICICI
2023-05-17,22.93,23.049999,22.799999,22.969999,22.781563,3829800,23.030001,-0.2605384168241991,ICICI
2023-05-18,22.969999,23.09,22.950001,23.07,22.880741,2039600,22.969999,0.4353548295757387,ICICI
2023-05-19,23.129999,23.17,22.950001,22.99,22.801399,1720000,23.07,-0.3467706978760375,ICICI
2023-05-22,22.99,23.01,22.889999,22.92,22.731974,2525400,22.99,-0.3044802087864147,ICICI
2023-05-23,22.959999,23.0,22.82,22.82,22.632793,4050800,22.92,-0.43630017452007597,ICICI
2023-05-24,22.690001,22.75,22.65,22.690001,22.50386,3686900,22.82,-0.5696713409290164,ICICI
2023-05-25,22.77,22.77,22.610001,22.65,22.464188,2489600,22.690001,-0.17629351360539902,ICICI
2023-05-26,22.950001,23.030001,22.889999,22.959999,22.771645,3331200,22.65,1.368649006622522,ICICI
2023-05-30,23.0,23.040001,22.85,22.879999,22.692301,2762600,22.959999,-0.3484320709247343,ICICI
2023-05-31,22.9,22.959999,22.82,22.92,22.731974,3365000,22.879999,0.174829553095698,ICICI
2023-06-01,22.67,23.07,22.65,22.99,22.801399,3489700,22.92,0.30541012216403457,ICICI
2023-06-02,22.969999,23.209999,22.93,23.09,22.900578,5043200,22.99,0.43497172683776175,ICICI
2023-06-05,23.129999,23.139999,22.93,23.01,22.821236,4171200,23.09,-0.3464703334776886,ICICI
2023-06-06,22.879999,23.02,22.860001,22.98,22.791481,2448200,23.01,-0.13037809647979634,ICICI
2023-06-07,22.969999,23.0,22.860001,22.879999,22.692301,3756700,22.98,-0.43516536118363314,ICICI
2023-06-08,22.91,22.98,22.85,22.93,22.741892,3509000,22.879999,0.2185358487122232,ICICI
2023-06-09,22.950001,22.99,22.91,22.98,22.791481,2445700,22.93,0.21805494984736465,ICICI
2023-06-12,22.860001,22.9,22.700001,22.73,22.543531,5891900,22.98,-1.0879025239338556,ICICI
2023-06-13,23.0,23.190001,22.98,23.1,22.910496,2754300,22.73,1.6278046634403915,ICICI
2023-06-14,23.01,23.059999,22.889999,22.950001,22.761728,2857900,23.1,-0.6493463203463251,ICICI
2023-06-15,22.690001,22.91,22.66,22.870001,22.682384,4140600,22.950001,-0.3485838628068114,ICICI
2023-06-16,22.98,23.0,22.84,22.870001,22.682384,6173400,22.870001,0.0,ICICI
2023-06-20,22.709999,22.74,22.6,22.620001,22.434435,4002200,22.870001,-1.0931350637020087,ICICI
2023-06-21,22.540001,22.65,22.49,22.6,22.414598,4170400,22.620001,-0.08842174675410956,ICICI
2023-06-22,22.690001,22.92,22.639999,22.91,22.722055,4810200,22.6,1.371681415929198,ICICI
2023-06-23,22.709999,22.860001,22.6,22.82,22.632793,2991800,22.91,-0.3928415539065904,ICICI
2023-06-26,22.780001,22.85,22.68,22.700001,22.513779,3329500,22.82,-0.5258501314636282,ICICI
2023-06-27,23.120001,23.23,22.93,22.98,22.791481,5769700,22.700001,1.2334757165869732,ICICI
2023-06-28,22.870001,23.030001,22.870001,23.01,22.821236,2492300,22.98,0.13054830287206762,ICICI
2023-06-29,23.08,23.15,22.98,23.110001,22.920414,3749500,23.01,0.43459800086918254,ICICI
2023-06-30,23.049999,23.129999,23.01,23.08,22.890659,4156000,23.110001,-0.12981825487589624,ICICI
2023-07-03,23.24,23.450001,23.209999,23.389999,23.198116,4293000,23.08,1.3431499133448928,ICICI
2023-07-05,23.57,23.67,23.389999,23.41,23.217953,4299400,23.389999,0.08551090575078947,ICICI
2023-07-06,23.34,23.370001,23.129999,23.200001,23.009676,3625000,23.41,-0.8970482699700975,ICICI
2023-07-07,23.049999,23.16,22.98,23.09,22.900578,3040800,23.200001,-0.47414222094214764,ICICI
2023-07-10,23.120001,23.120001,22.92,22.959999,22.771645,2427400,23.09,-0.5630186227804246,ICICI
2023-07-11,23.030001,23.08,22.969999,23.049999,22.860907,2850900,22.959999,0.3919860797903339,ICICI
2023-07-12,23.08,23.23,23.08,23.17,22.979921,2212000,23.049999,0.5206117362521449,ICICI
2023-07-13,23.440001,23.469999,23.389999,23.4,23.208035,4968200,23.17,0.9926629261976558,ICICI
2023-07-14,23.530001,23.559999,23.33,23.33,23.138609,3345900,23.4,-0.29914529914530036,ICICI
2023-07-17,23.59,23.870001,23.59,23.83,23.634508,3116600,23.33,2.1431633090441493,ICICI
2023-07-18,23.73,23.860001,23.68,23.860001,23.664263,4198700,23.83,0.12589592950063855,ICICI
2023-07-19,23.85,24.09,23.76,24.040001,23.842785,7524300,23.860001,0.7544006389605755,ICICI
2023-07-20,24.309999,24.48,24.23,24.48,24.279175,3560000,24.040001,1.8302786260283441,ICICI
2023-07-21,24.65,24.67,24.360001,24.469999,24.269257,2915500,24.48,-0.04085375816993071,ICICI
2023-07-24,24.469999,24.530001,24.32,24.48,24.279175,3748300,24.469999,0.04087045528689657,ICICI
2023-07-25,24.49,24.530001,24.389999,24.440001,24.239504,3033100,24.48,-0.16339460784314408,ICICI
2023-07-26,24.440001,24.799999,24.41,24.66,24.457699,4531100,24.440001,0.9001595376366859,ICICI
2023-07-27,24.549999,24.58,24.120001,24.17,23.971718,3777700,24.66,-1.9870235198702286,ICICI
2023-07-28,24.34,24.41,24.280001,24.389999,24.189913,2860000,24.17,0.9102151427389236,ICICI
2023-07-31,24.49,24.57,24.42,24.57,24.368437,3530300,24.389999,0.7380115103735787,ICICI
2023-08-01,24.41,24.549999,24.4,24.5,24.299011,4356900,24.57,-0.284900284900286,ICICI
2023-08-02,24.209999,24.309999,23.9,24.02,23.822948,5711200,24.5,-1.9591836734693895,ICICI
2023-08-03,23.6,23.66,23.42,23.549999,23.356804,4712500,24.02,-1.9567069109075765,ICICI
2023-08-04,23.74,23.77,23.549999,23.549999,23.356804,3445900,23.549999,0.0,ICICI
2023-08-07,23.67,23.82,23.67,23.77,23.575001,2861500,23.549999,0.9341868761862788,ICICI
2023-08-08,23.610001,23.690001,23.51,23.66,23.66,3648600,23.77,-0.4627681952040363,ICICI
2023-08-09,23.639999,23.74,23.58,23.639999,23.639999,3330600,23.66,-0.08453508030431361,ICICI
2023-08-10,23.58,23.58,23.370001,23.4,23.4,5267600,23.639999,-1.0152242392226876,ICICI
2023-08-11,23.209999,23.209999,23.1,23.15,23.15,3594500,23.4,-1.0683760683760684,ICICI
2023-08-14,23.129999,23.15,22.91,22.950001,22.950001,5637900,23.15,-0.8639265658747225,ICICI
2023-08-15,22.860001,22.950001,22.780001,22.82,22.82,4075800,22.950001,-0.5664531343593406,ICICI
2023-08-16,22.889999,23.030001,22.889999,22.93,22.93,4506300,22.82,0.4820333041191912,ICICI
2023-08-17,22.93,22.99,22.860001,22.870001,22.870001,3680200,22.93,-0.26166157871784235,ICICI
2023-08-18,22.889999,22.969999,22.84,22.9,22.9,3227100,22.870001,0.1311718351039867,ICICI
2023-08-21,23.08,23.139999,22.959999,23.110001,23.110001,3227100,22.9,0.9170349344978248,ICICI
2023-08-22,22.969999,23.139999,22.879999,22.9,22.9,3679500,23.110001,-0.9087018213456671,ICICI
2023-08-23,23.360001,23.65,23.299999,23.58,23.58,5338100,22.9,2.9694323144104793,ICICI
2023-08-24,23.51,23.6,23.35,23.35,23.35,2858400,23.58,-0.9754028837998172,ICICI
2023-08-25,23.389999,23.540001,23.360001,23.43,23.43,3319400,23.35,0.3426124197002068,ICICI
2023-08-28,23.57,23.790001,23.57,23.68,23.68,2312400,23.43,1.0670081092616304,ICICI
2023-08-29,23.559999,23.639999,23.469999,23.629999,23.629999,3681600,23.68,-0.21115287162161395,ICICI
2023-08-30,23.360001,23.469999,23.32,23.35,23.35,4282000,23.629999,-1.1849302236534165,ICICI
2023-08-31,23.299999,23.33,23.129999,23.17,23.17,5397700,23.35,-0.7708779443254805,ICICI
2023-09-01,23.5,23.58,23.4,23.459999,23.459999,2862400,23.17,1.2516141562365044,ICICI
2023-09-05,23.52,23.610001,23.469999,23.51,23.51,3790500,23.459999,0.21313300141232633,ICICI
2023-09-06,23.18,23.27,23.040001,23.040001,23.040001,4466500,23.51,-1.9991450446618517,ICICI
2023-09-07,23.17,23.370001,23.15,23.24,23.24,3353500,23.040001,0.868051177601938,ICICI
2023-09-08,23.41,23.5,23.34,23.41,23.41,3294800,23.24,0.7314974182444135,ICICI
2023-09-11,23.639999,23.93,23.639999,23.870001,23.870001,3256100,23.41,1.9649765057667592,ICICI
2023-09-12,24.0,24.110001,23.99,24.030001,24.030001,2841200,23.870001,0.6702974164098282,ICICI
2023-09-13,24.059999,24.08,23.92,23.940001,23.940001,2255100,24.030001,-0.37453181961998194,ICICI
2023-09-14,23.940001,24.059999,23.91,23.969999,23.969999,2625000,23.940001,0.12530492375502672,ICICI
2023-09-15,23.940001,24.02,23.809999,23.889999,23.889999,5059800,23.969999,-0.3337505354088744,ICICI
2023-09-18,23.879999,24.01,23.84,23.889999,23.889999,2911700,23.889999,0.0,ICICI
2023-09-19,23.889999,23.9,23.799999,23.83,23.83,1641300,23.889999,-0.2511469339115554,ICICI
2023-09-20,23.93,23.93,23.49,23.530001,23.530001,5712300,23.83,-1.2589131347041533,ICICI
2023-09-21,22.98,23.08,22.73,22.76,22.76,6818500,23.530001,-3.272422300364531,ICICI
2023-09-22,22.809999,23.07,22.790001,22.83,22.83,3915000,22.76,0.307557117750425,ICICI
2023-09-25,22.889999,22.98,22.82,22.98,22.98,3691400,22.83,0.6570302233902854,ICICI
2023-09-26,22.709999,22.77,22.620001,22.74,22.74,5484700,22.98,-1.04438642297651,ICICI
2023-09-27,22.66,22.82,22.610001,22.809999,22.809999,4821900,22.74,0.30782321899737386,ICICI
2023-09-28,22.75,22.93,22.74,22.91,22.91,3065900,22.809999,0.4384086119425033,ICICI
2023-09-29,23.059999,23.18,23.0,23.120001,23.120001,6421700,22.91,0.9166346573548596,ICICI
2023-10-02,23.02,23.09,22.91,23.0,23.0,3499400,23.120001,-0.5190354446783911,ICICI
2023-10-03,22.65,22.76,22.5,22.549999,22.549999,2667200,23.0,-1.956526086956523,ICICI
2023-10-04,22.5,22.68,22.5,22.67,22.67,3087500,22.549999,0.5321552342419262,ICICI
2023-10-05,22.76,22.870001,22.73,22.85,22.85,2211900,22.67,0.7940008822232012,ICICI
2023-10-06,22.870001,23.139999,22.790001,23.059999,23.059999,3063000,22.85,0.9190328227571107,ICICI
2023-10-09,22.709999,22.809999,22.68,22.76,22.76,2516100,23.059999,-1.3009497528599185,ICICI
2023-10-10,23.02,23.129999,22.879999,22.92,22.92,3951300,22.76,0.7029876977152906,ICICI
2023-10-11,22.959999,23.040001,22.719999,22.780001,22.780001,4619100,22.92,-0.610815881326366,ICICI
2023-10-12,22.82,22.959999,22.610001,22.629999,22.629999,5051200,22.780001,-0.6584810948866819,ICICI
2023-10-13,22.73,23.01,22.73,22.74,22.74,3629600,22.629999,0.4860848646082437,ICICI
2023-10-16,22.809999,23.0,22.809999,22.870001,22.870001,3712300,22.74,0.5716842568161832,ICICI
2023-10-17,22.860001,22.9,22.74,22.74,22.74,6707200,22.870001,-0.5684346056652995,ICICI
2023-10-18,22.559999,22.65,22.32,22.370001,22.370001,4827400,22.74,-1.627084432717678,ICICI
2023-10-19,22.34,22.620001,22.299999,22.370001,22.370001,3700400,22.370001,0.0,ICICI
2023-10-20,22.299999,22.41,22.120001,22.26,22.26,4391200,22.370001,-0.49173444382052967,ICICI
2023-10-23,22.26,22.709999,22.24,22.530001,22.530001,6081600,22.26,1.2129424977538052,ICICI
2023-10-24,22.440001,22.559999,22.32,22.42,22.42,4911000,22.530001,-0.488242321871166,ICICI
2023-10-25,22.0,22.25,21.93,22.040001,22.040001,3799900,22.42,-1.694910793933994,ICICI
2023-10-26,21.950001,22.110001,21.889999,22.110001,22.110001,4543700,22.040001,0.3176043413065194,ICICI
2023-10-27,22.129999,22.17,22.01,22.09,22.09,4531000,22.110001,-0.09046132562364245,ICICI
2023-10-30,22.290001,22.549999,22.290001,22.540001,22.540001,4487000,22.09,2.0371253961068367,ICICI
2023-10-31,22.25,22.25,22.1,22.190001,22.190001,5919600,22.540001,-1.5527949621652697,ICICI
2023-11-01,22.24,22.34,22.129999,22.27,22.27,5455000,22.190001,0.3605182352177489,ICICI
2023-11-02,22.43,22.65,22.389999,22.639999,22.639999,7985800,22.27,1.6614234396048495,ICICI
2023-11-03,22.809999,23.08,22.799999,22.84,22.84,4969800,22.639999,0.8833966821288302,ICICI
2023-11-06,22.969999,22.969999,22.75,22.84,22.84,4087500,22.84,0.0,ICICI
2023-11-07,22.84,22.879999,22.549999,22.73,22.73,6134900,22.84,-0.4816112084063022,ICICI
2023-11-08,22.58,22.639999,22.5,22.530001,22.530001,2533900,22.73,-0.8798900131984242,ICICI
2023-11-09,22.610001,22.709999,22.49,22.51,22.51,3651400,22.530001,-0.08877496277073867,ICICI
2023-11-10,22.690001,22.74,22.629999,22.68,22.68,4598700,22.51,0.7552199022656515,ICICI
2023-11-13,22.49,22.52,22.35,22.389999,22.389999,3552200,22.68,-1.278664021164022,ICICI
2023-11-14,22.59,22.780001,22.559999,22.67,22.67,8294900,22.389999,1.250562807081868,ICICI
2023-11-15,22.709999,22.76,22.450001,22.51,22.51,10043100,22.67,-0.7057785619761806,ICICI
2023-11-16,22.299999,22.48,22.16,22.26,22.26,8094000,22.51,-1.1106175033318524,ICICI
2023-11-17,22.08,22.299999,22.02,22.190001,22.190001,4285900,22.26,-0.31446091644206114,ICICI
2023-11-20,22.190001,22.290001,22.139999,22.25,22.25,6314900,22.190001,0.27038754977974655,ICICI
2023-11-21,22.25,22.309999,22.129999,22.26,22.26,3574100,22.25,0.04494382022472613,ICICI
2023-11-22,22.219999,22.27,22.110001,22.120001,22.120001,3400000,22.26,-0.6289263252470938,ICICI
2023-11-24,22.23,22.360001,22.200001,22.34,22.34,2252400,22.120001,0.9945704794498038,ICICI
2023-11-27,22.23,22.290001,22.110001,22.23,22.23,3942200,22.34,-0.4923903312444021,ICICI
2023-11-28,22.219999,22.32,22.16,22.18,22.18,6031700,22.23,-0.2249212775528597,ICICI
2023-11-29,22.389999,22.549999,22.309999,22.379999,22.379999,9163200,22.18,0.9017087466185835,ICICI
2023-11-30,22.4,22.440001,22.07,22.17,22.17,7053100,22.379999,-0.9383333752606504,ICICI
2023-12-01,22.52,23.02,22.5,22.969999,22.969999,7041600,22.17,3.6084754172304896,ICICI
2023-12-04,23.67,24.32,23.67,24.309999,24.309999,9780200,22.969999,5.833696379351169,ICICI
2023-12-05,24.370001,24.41,24.280001,24.370001,24.370001,6595900,24.309999,0.2468202487379667,ICICI
2023-12-06,24.280001,24.41,23.99,24.0,24.0,21084700,24.370001,-1.5182641970347006,ICICI
2023-12-07,24.040001,24.059999,23.82,23.870001,23.870001,6126900,24.0,-0.5416625000000064,ICICI
2023-12-08,24.110001,24.18,24.01,24.120001,24.120001,6357000,23.870001,1.0473397131403555,ICICI
2023-12-11,24.23,24.450001,24.23,24.389999,24.389999,4917200,24.120001,1.1193946467912712,ICICI
2023-12-12,24.34,24.530001,24.26,24.459999,24.459999,3549200,24.389999,0.28700288179593725,ICICI
2023-12-13,24.469999,24.74,24.459999,24.690001,24.690001,4540300,24.459999,0.9403189264235005,ICICI
2023-12-14,24.950001,25.040001,24.65,24.68,24.68,4504900,24.690001,-0.04050627620468318,ICICI
2023-12-15,24.68,24.719999,24.5,24.549999,24.549999,4202900,24.68,-0.5267463533225285,ICICI
2023-12-18,24.530001,24.559999,24.440001,24.540001,24.540001,2651100,24.549999,-0.04072505257535655,ICICI
2023-12-19,24.389999,24.6,24.379999,24.49,24.49,2959300,24.540001,-0.20375304793183074,ICICI
2023-12-20,24.209999,24.26,23.950001,23.959999,23.959999,3328300,24.49,-2.164152715394033,ICICI
2023-12-21,24.15,24.23,24.01,24.040001,24.040001,9433800,23.959999,0.3338981775416616,ICICI
2023-12-22,23.950001,23.950001,23.74,23.82,23.82,3970900,24.040001,-0.9151455526145772,ICICI
2023-12-26,23.92,24.01,23.870001,23.879999,23.879999,2778400,23.82,0.2518849706129355,ICICI
2023-12-27,23.940001,24.08,23.9,24.02,24.02,2582900,23.879999,0.5862688687717199,ICICI
2023-12-28,24.1,24.309999,24.1,24.219999,24.219999,3479800,24.02,0.832635303913413,ICICI
2023-12-29,24.0,24.0,23.73,23.84,23.84,3082000,24.219999,-1.5689472158937807,ICICI
2024-01-02,23.51,23.540001,23.34,23.450001,23.450001,7344400,23.84,-1.6359018456375818,ICICI
2024-01-03,23.559999,23.799999,23.52,23.75,23.75,5553000,23.450001,1.2793133782808779,ICICI
2024-01-04,23.84,23.98,23.780001,23.799999,23.799999,5149800,23.75,0.21052210526315657,ICICI
2024-01-05,23.940001,24.190001,23.9,24.09,24.09,4898000,23.799999,1.2184916478357843,ICICI
2024-01-08,23.75,23.889999,23.610001,23.870001,23.870001,4719300,24.09,-0.9132378580323843,ICICI
2024-01-09,23.610001,23.67,23.49,23.52,23.52,3361600,23.870001,-1.466279787755346,ICICI
2024-01-10,23.84,24.120001,23.84,23.959999,23.959999,3761400,23.52,1.8707440476190489,ICICI
2024-01-11,23.870001,24.02,23.709999,23.959999,23.959999,6026100,23.959999,0.0,ICICI
2024-01-12,24.26,24.379999,23.93,24.07,24.07,5834000,23.959999,0.45910269027974693,ICICI
2024-01-16,24.120001,24.24,23.610001,23.65,23.65,13829100,24.07,-1.744910677191532,ICICI
2024-01-17,23.32,23.49,23.16,23.16,23.16,13203700,23.65,-2.071881606765321,ICICI
2024-01-18,23.65,23.74,23.32,23.440001,23.440001,10905800,23.16,1.2089853195164015,ICICI
2024-01-19,23.74,23.889999,23.68,23.879999,23.879999,7195300,23.440001,1.8771244932967488,ICICI
2024-01-22,24.27,24.9,24.25,24.469999,24.469999,14468500,23.879999,2.470686870631778,ICICI
2024-01-23,24.389999,24.530001,24.200001,24.34,24.34,16556400,24.469999,-0.5312587058136027,ICICI
2024-01-24,24.0,24.110001,23.719999,23.75,23.75,11734200,24.34,-2.423993426458504,ICICI
2024-01-25,24.040001,24.15,23.93,24.120001,24.120001,9274800,23.75,1.5578989473684146,ICICI
2024-01-26,24.110001,24.219999,24.02,24.129999,24.129999,4097400,24.120001,0.04145107622509245,ICICI
2024-01-29,24.25,24.459999,24.129999,24.219999,24.219999,10194200,24.129999,0.3729797087849024,ICICI
2024-01-30,24.309999,24.379999,24.24,24.370001,24.370001,5716200,24.219999,0.6193311568675005,ICICI
2024-01-31,24.530001,24.66,24.389999,24.4,24.4,6369700,24.370001,0.12309806634804861,ICICI
2024-02-01,24.459999,25.120001,24.459999,25.09,25.09,10739900,24.4,2.8278688524590216,ICICI
2024-02-02,24.74,24.809999,24.450001,24.6,24.6,4568500,25.09,-1.9529693104822574,ICICI
2024-02-05,24.559999,24.57,24.4,24.540001,24.540001,4258000,24.6,-0.24389837398374486,ICICI
2024-02-06,24.620001,24.690001,24.57,24.66,24.66,2523100,24.540001,0.48899346010621586,ICICI
2024-02-07,24.57,24.629999,24.43,24.57,24.57,2884600,24.66,-0.3649635036496345,ICICI
2024-02-08,23.85,23.9,23.540001,23.58,23.58,6030300,24.57,-4.029304029304037,ICICI
2024-02-09,24.219999,24.450001,24.049999,24.190001,24.190001,7359300,23.58,2.586942324003395,ICICI
2024-02-12,23.93,24.02,23.76,23.879999,23.879999,6051300,24.190001,-1.2815295046907904,ICICI
2024-02-13,24.139999,24.299999,24.120001,24.25,24.25,5544900,23.879999,1.5494179878315675,ICICI
2024-02-14,24.41,24.629999,24.41,24.629999,24.629999,2561600,24.25,1.5670061855670165,ICICI
2024-02-15,24.48,24.75,24.389999,24.73,24.73,4155200,24.629999,0.40601300877031665,ICICI
2024-02-16,24.66,24.809999,24.620001,24.74,24.74,3845500,24.73,0.040436716538609016,ICICI
2024-02-20,25.1,25.6,25.08,25.469999,25.469999,9984700,24.74,2.9506831042845714,ICICI
2024-02-21,25.32,25.5,25.23,25.49,25.49,4656200,25.469999,0.07852768270621859,ICICI
2024-02-22,25.59,25.98,25.58,25.959999,25.959999,5350700,25.49,1.8438564142801155,ICICI
2024-02-23,25.790001,25.84,25.57,25.629999,25.629999,4745500,25.959999,-1.2711864896450815,ICICI
2024-02-26,25.49,25.610001,25.35,25.530001,25.530001,4407700,25.629999,-0.39015998400937474,ICICI
2024-02-27,25.530001,25.610001,25.459999,25.58,25.58,3701800,25.530001,0.19584409730340271,ICICI
2024-02-28,25.33,25.42,25.24,25.33,25.33,4412000,25.58,-0.9773260359655983,ICICI
2024-02-29,25.51,25.629999,25.450001,25.610001,25.610001,5242600,25.33,1.105412554283467,ICICI
2024-03-01,26.32,26.58,26.309999,26.48,26.48,7159600,25.610001,3.397106466337115,ICICI
2024-03-04,26.35,26.450001,26.290001,26.4,26.4,7581800,26.48,-0.3021148036253846,ICICI
2024-03-05,26.48,26.48,26.17,26.27,26.27,10445300,26.4,-0.49242424242423866,ICICI
2024-03-06,26.52,26.66,26.27,26.370001,26.370001,6574500,26.27,0.38066615911685914,ICICI
2024-03-07,26.379999,26.389999,26.18,26.26,26.26,3812200,26.370001,-0.4171444665474109,ICICI
2024-03-08,26.33,26.360001,26.139999,26.18,26.18,8199000,26.26,-0.3046458492003117,ICICI
2024-03-11,26.049999,26.139999,26.01,26.08,26.08,3130200,26.18,-0.38197097020626974,ICICI
2024-03-12,26.040001,26.200001,26.01,26.129999,26.129999,2693600,26.08,0.19171395705522715,ICICI
2024-03-13,26.17,26.17,25.93,26.059999,26.059999,6486600,26.129999,-0.2678913229196843,ICICI
2024-03-14,26.049999,26.16,25.75,25.84,25.84,4013600,26.059999,-0.8442018742978517,ICICI
2024-03-15,25.83,25.92,25.790001,25.82,25.82,6998500,25.84,-0.0773993808049519,ICICI
2024-03-18,25.99,26.030001,25.85,25.950001,25.950001,5762200,25.82,0.5034895429899304,ICICI
2024-03-19,25.91,25.99,25.790001,25.9,25.9,4106200,25.950001,-0.1926820734997341,ICICI
2024-03-20,25.93,26.25,25.93,26.18,26.18,2814200,25.9,1.0810810810810856,ICICI
2024-03-21,26.139999,26.209999,25.959999,25.98,25.98,4774200,26.18,-0.7639419404125259,ICICI
2024-03-22,26.059999,26.08,25.940001,26.0,26.0,3487800,25.98,0.07698229407236172,ICICI
2024-03-25,25.98,26.02,25.870001,25.870001,25.870001,3834600,26.0,-0.4999961538461597,ICICI
2024-03-26,25.950001,26.049999,25.860001,25.9,25.9,6215200,25.870001,0.11596056760879178,ICICI
2024-03-27,26.030001,26.200001,25.85,25.969999,25.969999,5778900,25.9,0.27026640926642015,ICICI
2024-03-28,26.139999,26.48,26.139999,26.41,26.41,5000500,25.969999,1.69426652654087,ICICI
2024-04-01,26.34,26.389999,25.950001,25.959999,25.959999,9425600,26.41,-1.7039038243089748,ICICI
2024-04-02,25.709999,25.870001,25.6,25.75,25.75,7603800,25.959999,-0.808933004966602,ICICI
2024-04-03,25.68,25.799999,25.639999,25.68,25.68,2233400,25.75,-0.27184466019417586,ICICI
2024-04-04,25.84,26.040001,25.57,25.629999,25.629999,7701600,25.68,-0.19470794392522658,ICICI
2024-04-05,25.799999,25.870001,25.629999,25.75,25.75,13389900,25.629999,0.4682052465160005,ICICI
2024-04-08,25.860001,26.24,25.860001,26.08,26.08,4980400,25.75,1.2815533980582459,ICICI
2024-04-09,26.51,26.75,26.440001,26.620001,26.620001,4153300,26.08,2.0705559815950925,ICICI
2024-04-10,26.459999,26.549999,26.34,26.43,26.43,3171100,26.620001,-0.7137527906178469,ICICI
2024-04-11,26.450001,26.469999,26.280001,26.440001,26.440001,4102600,26.43,0.03783957623911857,ICICI
2024-04-12,26.290001,26.33,26.049999,26.139999,26.139999,5725200,26.440001,-1.1346519994458368,ICICI
2024-04-15,25.940001,26.01,25.530001,25.57,25.57,7048400,26.139999,-2.1805624399603047,ICICI
2024-04-16,25.5,25.610001,25.370001,25.49,25.49,4823600,25.57,-0.31286664059445385,ICICI
2024-04-17,25.57,25.74,25.530001,25.629999,25.629999,4573900,25.49,0.5492310710082506,ICICI
2024-04-18,25.360001,25.639999,25.27,25.43,25.43,5151100,25.629999,-0.7803316730523548,ICICI
2024-04-19,25.549999,25.82,25.549999,25.68,25.68,3394000,25.43,0.9830908375933936,ICICI
2024-04-22,25.82,26.129999,25.82,26.110001,26.110001,3162100,25.68,1.674458722741436,ICICI
2024-04-23,26.15,26.309999,26.1,26.290001,26.290001,1973600,26.110001,0.6893910115131735,ICICI
2024-04-24,26.34,26.370001,26.07,26.190001,26.190001,2592900,26.290001,-0.3803727508416657,ICICI
2024-04-25,26.49,26.639999,26.299999,26.6,26.6,2622200,26.190001,1.5654791307568208,ICICI
2024-04-26,26.6,26.67,26.49,26.530001,26.530001,2457700,26.6,-0.2631541353383564,ICICI
